R.br.,Latituda,Longituda,Kategorija saobraćajnice,Datum nastanka saobraćajne nezgode,Vrijeme nastanka saobraćajne nezgode,Vremenske prilike,Period dana,Stanje kolovoza,Broj poginulih osoba,Broj teško povrijeđenih osoba,Broj lakše povrijeđenih osoba,"Vrsta, tip saobraćajne nezgode",Područje,Tip puta,Horizontalna geometrija,Vertikalna geometrija,Tip raskrsnice,Tip prelaza,Pješačka površina,Rasvjeta,Broj povrijeđenih učesnika 30 dana,Broj smrtno stradalih učesnika nakon 30 dana,Ukupno povrijeđenih učesnika,Ukupno smrtno stradalih učesnika,Putnički automobil,Pješak,Romobil,Bicikl,Motocikl,Lako teretno vozilo,Teško teretno vozilo,Autobus,Traktor,Ostalo
1,43.856602,18.418944,Magistralna cesta,02/01/2022,20:40:00,Magla,Noć,Nepoznato,0,0,4,Udar u zadnji dio vozila,Urbano,Sa dvije kolovozne trake,Pravac,Ne,Bez raskrsnice,Bez prelaza,Da,Da,0,0,4,0,3,,,,,,,,,
2,43.866849,18.409569,Magistralna cesta,05/01/2022,19:40:00,Nepoznato,Noć,Nepoznato,0,0,2,Sudar prilikom skretanja,Urbano,Dvosmjerna cesta,Pravac,Ne,Bez raskrsnice,U blizini pješačkog prelaza,Da,Da,0,0,2,0,3,,,,,,,,,
3,43.878932,18.399796,Magistralna cesta,06/01/2022,10:45:00,Sa snijegom,Dan,Sa snijegom,0,0,1,Udar u zadnji dio vozila,Urbano,Dvosmjerna cesta,Krivina,Ne,Trokraka raskrsnica,U blizini pješačkog prelaza,Da,Da,0,0,1,0,2,,,,,,,,,
4,43.856237,18.408753,Magistralna cesta,09/01/2022,23:15:00,Nepoznato,Noć,Nepoznato,0,0,2,Udar u zadnji dio vozila,Urbano,Sa dvije kolovozne trake,Pravac,Ne,Bez raskrsnice,Bez prelaza,Da,Da,0,0,2,0,2,,,,,,,,,
5,43.858863,18.421247,Magistralna cesta,10/01/2022,14:45:00,Oblačno,Dan,Nepoznato,0,0,1,Udar u pješaka,Urbano,Sa dvije kolovozne trake,Pravac,Ne,Bez raskrsnice,Bez prelaza,Da,Da,0,0,1,0,1,1,,,,,,,,
6,43.866848,18.409568,Magistralna cesta,26/01/2022,19:55:00,Nepoznato,Noć,Nepoznato,0,0,1,Udar u zadnji dio vozila,Urbano,Dvosmjerna cesta,Pravac,Ne,Bez raskrsnice,U blizini pješačkog prelaza,Da,Da,0,0,1,0,2,,,,,,,,,
7,43.855481,18.417564,Lokalna cesta,03/02/2022,16:25:00,Nepoznato,Dan,Nepoznato,0,0,1,Udar u pješaka,Urbano,Sa dvije kolovozne trake,Krivina,Ne,Bez raskrsnice,Pješački prelaz,Da,Da,0,0,1,0,1,1,,,,,,,,
8,43.874569,18.404968,Magistralna cesta,08/02/2022,21:00:00,Oblačno,Noć,Nepoznato,0,0,1,Udar u zadnji dio vozila,Urbano,Dvosmjerna cesta,Krivina,Ne,Bez raskrsnice,Bez prelaza,Da,Da,0,0,1,0,2,,,,,,,,,
9,43.855823,18.403798,Magistralna cesta,12/02/2022,10:50:00,Nepoznato,Dan,Nepoznato,0,0,1,Izlijetanje izvan kolovoza,Urbano,Sa dvije kolovozne trake,Pravac,Ne,Bez raskrsnice,Bez prelaza,Da,Da,0,0,1,0,1,,,,,,,,,
10,43.85662,18.409602,Magistralna cesta,16/02/2022,15:45:00,Nepoznato,Dan,Nepoznato,0,0,1,Sudar prilikom obilaženja,Urbano,Sa dvije kolovozne trake,Pravac,Ne,Bez raskrsnice,Bez prelaza,Da,Da,0,0,1,0,1,,,,1,,,,,
11,43.861344,18.411703,Magistralna cesta,18/02/2022,14:05:00,Nepoznato,Dan,Nepoznato,0,0,1,Udar u pješaka,Urbano,Dvosmjerna cesta,Pravac,Ne,T-raskrsnica,U blizini pješačkog prelaza,Da,Da,0,0,1,0,1,1,,,,,,,,
12,43.858133,18.412322,Magistralna cesta,22/02/2022,06:30:00,Oblačno,Dan,Suh,0,0,2,Udar u zadnji dio vozila,Urbano,Sa dvije kolovozne trake,Krivina,Ne,Petokraka raskrsnica,U blizini pješačkog prelaza,Da,Da,0,0,2,0,2,,,,,,,,,
13,43.852946,18.406558,Lokalna cesta,02/03/2022,00:05:00,Sa snijegom,Noć,Sa snijegom,0,0,2,Sudar prilikom skretanja,Urbano,Sa dvije kolovozne trake,Pravac,Ne,T-raskrsnica,U blizini pješačkog prelaza,Da,Da,0,0,2,0,2,,,,,,,,,
14,43.856608,18.419269,Magistralna cesta,05/03/2022,18:45:00,Nepoznato,Noć,Nepoznato,0,0,2,Udar u zadnji dio vozila,Urbano,Sa dvije kolovozne trake,Pravac,Ne,T-raskrsnica,U blizini pješačkog prelaza,Da,Da,0,0,2,0,4,,,,,,,,,
15,43.855524,18.402349,Magistralna cesta,08/03/2022,13:00:00,Nepoznato,Dan,Nepoznato,0,0,1,Udar u pješaka,Urbano,Sa dvije kolovozne trake,Pravac,Ne,Bez raskrsnice,Bez prelaza,Da,Da,0,0,1,0,1,1,,,,,,,,
16,43.858925,18.415586,Magistralna cesta,23/03/2022,19:35:00,Nepoznato,Noć,Nepoznato,0,0,2,Udar u zadnji dio vozila,Urbano,Sa dvije kolovozne trake,Krivina,Ne,Bez raskrsnice,U blizini pješačkog prelaza,Da,Da,0,0,2,0,2,,,,,,,,,
17,43.855264,18.415868,Lokalna cesta,24/03/2022,12:50:00,Nepoznato,Dan,Nepoznato,0,0,1,Sudar prilikom skretanja,Urbano,Sa dvije kolovozne trake,Pravac,Ne,Bez raskrsnice,Bez prelaza,Da,Da,0,0,1,0,1,,,,1,,,,,
18,43.858852,18.420103,Magistralna cesta,24/04/2022,20:50:00,Nepoznato,Noć,Nepoznato,0,0,2,Sudar prilikom skretanja,Urbano,Sa dvije kolovozne trake,Pravac,Ne,Bez raskrsnice,U blizini pješačkog prelaza,Da,Da,0,0,2,0,2,,,,,,,,,
19,43.858931,18.41716,Magistralna cesta,24/04/2022,23:30:00,Nepoznato,Noć,Nepoznato,0,0,3,Udar u zadnji dio vozila,Urbano,Sa dvije kolovozne trake,Pravac,Ne,Četverokraka raskrsnica,U blizini pješačkog prelaza,Da,Da,0,0,3,0,2,,,,,,,,,
20,43.858931,18.41716,Magistralna cesta,25/04/2022,14:30:00,Nepoznato,Dan,Nepoznato,0,0,3,Udar u zadnji dio vozila,Urbano,Sa dvije kolovozne trake,Pravac,Ne,Četverokraka raskrsnica,U blizini pješačkog prelaza,Da,Da,0,0,3,0,2,,,,,,,,,
21,43.856556,18.418094,Magistralna cesta,11/05/2022,19:45:00,Nepoznato,Dan,Nepoznato,0,0,2,Udar u zadnji dio vozila,Urbano,Sa dvije kolovozne trake,Pravac,Ne,Bez raskrsnice,Bez prelaza,Da,Da,0,0,2,0,3,,,,,,,,,
22,43.87857,18.393063,Magistralna cesta,12/05/2022,19:30:00,Nepoznato,Dan,Nepoznato,0,0,1,Sudar prilikom skretanja,Urbano,Dvosmjerna cesta,Krivina,Ne,Trokraka raskrsnica,Pješački prelaz,Da,Da,0,0,1,0,1,,,,1,,,,,
23,43.858851,18.420403,Magistralna cesta,02/02/2022,19:00:00,Nepoznato,Noć,Nepoznato,0,0,1,Udar u pješaka,Urbano,Sa dvije kolovozne trake,Pravac,Ne,Četverokraka raskrsnica,U blizini pješačkog prelaza,Da,Da,0,0,1,0,1,1,,,,,,,,
24,43.856234,18.412972,Magistralna cesta,20/05/2022,13:02:00,Nepoznato,Dan,Nepoznato,0,0,1,Sudar prilikom skretanja,Urbano,Sa dvije kolovozne trake,Krivina,Ne,Petokraka raskrsnica,U blizini pješačkog prelaza,Da,Da,0,0,1,0,2,,,,,,,,,
25,43.878932,18.399796,Magistralna cesta,22/05/2022,13:30:00,Nepoznato,Dan,Nepoznato,0,0,1,Udar u zadnji dio vozila,Urbano,Dvosmjerna cesta,Krivina,Ne,Trokraka raskrsnica,U blizini pješačkog prelaza,Da,Da,0,0,1,0,3,,,,,,,,,
26,43.871772,18.406711,Magistralna cesta,24/05/2022,07:15:00,Nepoznato,Dan,Nepoznato,0,0,1,Udar u zadnji dio vozila,Urbano,Dvosmjerna cesta,Krivina,Ne,Trokraka raskrsnica,U blizini pješačkog prelaza,Da,Da,0,0,1,0,3,,,,,,,,,
27,43.855823,18.408835,Magistralna cesta,25/05/2022,13:00:00,Nepoznato,Dan,Nepoznato,0,0,1,Udar u zadnji dio vozila,Urbano,Sa dvije kolovozne trake,Pravac,Ne,Bez raskrsnice,Bez prelaza,Da,Da,0,0,1,0,2,,,,,,,,,
28,43.855725,18.406682,Magistralna cesta,30/05/2022,13:15:00,Nepoznato,Dan,Nepoznato,0,0,1,Pad motocikla na kolovoz,Urbano,Sa dvije kolovozne trake,Pravac,Ne,Četverokraka raskrsnica,U blizini pješačkog prelaza,Da,Da,0,0,1,0,,,,,1,,,,,
29,43.855669,18.413432,Lokalna cesta,07/06/2022,08:55:00,Nepoznato,Dan,Nepoznato,0,0,1,Sudar vozila i e-romobila,Urbano,Sa dvije kolovozne trake,Krivina,Ne,T-raskrsnica,U blizini pješačkog prelaza,Da,Da,0,0,1,0,1,,1,,,,,,,
30,43.85638,18.41355,Magistralna cesta,11/06/2022,08:55:00,Nepoznato,Dan,Nepoznato,0,0,2,Udar u zadnji dio vozila,Urbano,Sa dvije kolovozne trake,Krivina,Ne,Bez raskrsnice,Bez prelaza,Da,Da,0,0,2,0,2,,,,,,,,,
31,43.86424,18.411121,Magistralna cesta,12/06/2022,17:20:00,Oblačno,Dan,Suh,0,0,2,Sudar prilikom skretanja,Urbano,Dvosmjerna cesta,Pravac,Ne,T-raskrsnica,U blizini pješačkog prelaza,Da,Da,0,0,2,0,1,,,,,,,1,,
32,43.878932,18.399796,Magistralna cesta,13/06/2022,07:45:00,Nepoznato,Dan,Nepoznato,0,0,2,Udar u zadnji dio vozila,Urbano,Dvosmjerna cesta,Krivina,Ne,Trokraka raskrsnica,U blizini pješačkog prelaza,Da,Da,0,0,2,0,1,,,,1,,,,,
33,43.856149,18.424107,Lokalna cesta,04/07/2022,13:15:00,Nepoznato,Dan,Nepoznato,0,0,1,Udar u pješaka,Urbano,Sa dvije kolovozne trake,Pravac,Ne,Bez raskrsnice,U blizini pješačkog prelaza,Da,Da,0,0,1,0,1,1,,,,,,,,
34,43.86424,18.411121,Magistralna cesta,11/07/2022,18:15:00,Nepoznato,Dan,Nepoznato,0,0,1,Sudar prilikom skretanja,Urbano,Dvosmjerna cesta,Pravac,Ne,T-raskrsnica,U blizini pješačkog prelaza,Da,Da,0,0,1,0,1,,,,,,,1,,
35,43.866849,18.409569,Magistralna cesta,11/07/2022,18:45:00,Nepoznato,Dan,Nepoznato,0,0,1,Udar u pješaka,Urbano,Dvosmjerna cesta,Pravac,Ne,Bez raskrsnice,U blizini pješačkog prelaza,Da,Da,0,0,1,0,1,1,,,,,,,,
36,43.86512,18.410591,Magistralna cesta,24/07/2022,21:10:00,Nepoznato,Noć,Nepoznato,0,0,2,Udar u pješaka,Urbano,Dvosmjerna cesta,Pravac,Ne,T-raskrsnica,U blizini pješačkog prelaza,Da,Da,0,0,2,0,1,2,,,,,,,,
37,43.856612,18.418938,Magistralna cesta,06/08/2022,20:50:00,Nepoznato,Noć,Nepoznato,0,0,2,Udar u zadnji dio vozila,Urbano,Sa dvije kolovozne trake,Pravac,Ne,Bez raskrsnice,Bez prelaza,Da,Da,0,0,2,0,2,,,,,,,,,
38,43.868342,18.408688,Magistralna cesta,21/08/2022,22:15:00,Nepoznato,Noć,Nepoznato,0,0,1,Udar u zadnji dio vozila,Urbano,Dvosmjerna cesta,Pravac,Ne,Četverokraka raskrsnica,U blizini pješačkog prelaza,Da,Da,0,0,1,0,2,,,,,,,,,
39,43.86424,18.411121,Magistralna cesta,29/08/2022,10:55:00,Nepoznato,Dan,Nepoznato,0,0,1,Sudar prilikom skretanja,Urbano,Dvosmjerna cesta,Pravac,Ne,T-raskrsnica,U blizini pješačkog prelaza,Da,Da,0,0,1,0,1,,,1,,,,,,
40,43.855524,18.402349,Magistralna cesta,14/04/2022,09:30:00,Nepoznato,Dan,Nepoznato,0,0,1,Udar u pješaka,Urbano,Sa dvije kolovozne trake,Pravac,Ne,Bez raskrsnice,Bez prelaza,Da,Da,0,0,1,0,1,1,,,,,,,,
41,43.856789,18.424237,Magistralna cesta,15/08/2022,17:25:00,Nepoznato,Dan,Nepoznato,0,0,1,Sudar prilikom preticanja,Urbano,Sa dvije kolovozne trake,Krivina,Ne,Bez raskrsnice,Bez prelaza,Da,Da,0,0,1,0,1,,,,1,,,,,
42,43.899215,18.35559,Lokalna cesta,16/03/2022,15:05:00,Vedro,Dan,Suh,0,0,1,Sudar prilikom obilaženja,Urbano,Dvosmjerna cesta,Pravac,Ne,Četverokraka raskrsnica,Bez prelaza,Da,Da,0,0,1,0,1,1,,,,,,,,
43,43.901708,18.347048,Lokalna cesta,21/03/2022,08:10:00,Vedro,Dan,Suh,0,0,1,Sudar prilikom skretanja,Urbano,Dvosmjerna cesta,Krivina,Ne,Trokraka raskrsnica,U blizini pješačkog prelaza,Da,Da,0,0,1,0,2,,,,,,,,,
44,43.882264,18.383646,Lokalna cesta,23/03/2022,11:05:00,Vedro,Dan,Suh,0,0,1,Udar u zadnji dio vozila,Urbano,Dvosmjerna cesta,Pravac,Ne,Bez raskrsnice,Bez prelaza,Da,Da,0,0,1,0,2,,,,,,,,,
45,43.901005,18.340689,Lokalna cesta,25/03/2022,19:20:00,Vedro,Noć,Suh,0,0,1,Udar u zadnji dio vozila,Urbano,Dvosmjerna cesta,Pravac,Ne,Bez raskrsnice,Bez prelaza,Da,Da,0,0,1,0,2,,,,,,,,,
46,43.902442,18.338276,Lokalna cesta,06/05/2022,18:40:00,Kiša,Sumrak,Mokar,0,0,2,Sudar prilikom obilaženja,Urbano,Dvosmjerna cesta,Krivina,Ne,Bez raskrsnice,Bez prelaza,Da,Da,0,0,2,0,2,,,,,,,,,
47,43.894093,18.362027,Lokalna cesta,10/07/2022,17:55:00,Vedro,Dan,Suh,0,0,1,Udar prednjim dijelom vozila,Urbano,Dvosmjerna cesta,Krivina,Ne,Bez raskrsnice,Bez prelaza,Ne,Ne,0,0,1,0,2,,,,,,,,,
48,43.900033,18.346912,Lokalna cesta,16/07/2022,19:05:00,Vedro,Noć,Suh,0,0,2,Udar u zadnji dio vozila,Urbano,Dvosmjerna cesta,Krivina,Ne,Trokraka raskrsnica,U blizini pješačkog prelaza,Da,Da,0,0,2,0,2,,,,,,,,,
49,43.85395,18.38498,Lokalna cesta,28/02/2022,14:10:00,Vedro,Dan,Suh,0,0,1,Sudar prilikom skretanja,Urbano,Dvosmjerna cesta,Pravac,Ne,Četverokraka raskrsnica,U blizini pješačkog prelaza,Da,Da,0,0,1,0,2,,,,,,,,,
50,43.85864,18.41402,Magistralna cesta,20/05/2022,12:05:00,Vedro,Dan,Suh,0,0,1,Udar u zadnji dio vozila,Urbano,Sa dvije kolovozne trake,Pravac,Ne,Bez raskrsnice,Bez prelaza,Da,Da,0,0,1,0,2,,,,,,,,,
51,43.85251,18.38521,Magistralna cesta,19/07/2022,01:15:00,Vedro,Noć,Suh,0,0,1,Sudar prilikom skretanja,Urbano,Sa dvije kolovozne trake,Pravac,Ne,Četverokraka raskrsnica,U blizini pješačkog prelaza,Da,Da,0,0,1,0,2,,,,,,,,,
52,43.843588,18.33269,Magistralna cesta,04/03/2022,18:45:00,Vedro,Sumrak,Suh,0,0,2,Udar u zadnji dio vozila,Urbano,Sa dvije kolovozne trake,Krivina,Ne,Bez raskrsnice,Bez prelaza,Da,Da,0,0,2,0,3,,,,,,,,,
53,43.843786,18.334426,Magistralna cesta,12/05/2022,21:50:00,Vedro,Noć,Suh,0,0,1,Udar u zadnji dio vozila,Urbano,Sa dvije kolovozne trake,Krivina,Ne,Četverokraka raskrsnica,U blizini pješačkog prelaza,Da,Da,0,0,1,0,2,,,,,,,,,
54,43.843786,18.334426,Magistralna cesta,12/06/2022,20:10:00,Vedro,Noć,Suh,0,0,2,Sudar prilikom skretanja,Urbano,Sa dvije kolovozne trake,Krivina,Ne,Četverokraka raskrsnica,U blizini pješačkog prelaza,Da,Da,0,0,2,0,1,,,,,,,,,
55,43.844524,18.33743,Magistralna cesta,18/06/2022,06:25:00,Vedro,Dan,Suh,0,0,1,Udar u zadnji dio vozila,Urbano,Sa dvije kolovozne trake,Krivina,Ne,T-raskrsnica,U blizini pješačkog prelaza,Da,Da,0,0,1,0,2,,,,,,,,,
56,43.843786,18.334426,Magistralna cesta,30/07/2022,12:40:00,Vedro,Dan,Suh,0,0,1,Sudar prilikom skretanja,Urbano,Sa dvije kolovozne trake,Krivina,Ne,Četverokraka raskrsnica,U blizini pješačkog prelaza,Da,Da,0,0,1,0,2,,,,1,,,,,
57,43.841315,18.322358,Magistralna cesta,15/01/2022,08:40:00,Vedro,Dan,Suh,0,0,1,Sudar prilikom skretanja,Urbano,Sa dvije kolovozne trake,Krivina,Ne,Trokraka raskrsnica,Pješački prelaz,Da,Da,0,0,1,0,1,1,,,,,,,,
58,43.840392,18.321088,Magistralna cesta,01/04/2022,17:00:00,Vedro,Dan,Suh,0,0,1,Udar u zadnji dio vozila,Urbano,Sa dvije kolovozne trake,Pravac,Ne,Bez raskrsnice,Bez prelaza,Da,Da,0,0,1,0,2,,,,,,,,,
59,43.840392,18.321088,Magistralna cesta,31/07/2022,14:00:00,Vedro,Dan,Suh,0,0,1,Sudar prilikom skretanja,Urbano,Sa dvije kolovozne trake,Pravac,Ne,Bez raskrsnice,Bez prelaza,Da,Da,0,0,1,0,2,,,,,,,,,
60,43.843802,18.33235,Magistralna cesta,11/04/2022,07:40:00,Vedro,Dan,Suh,0,0,1,Udar u zadnji dio vozila,Urbano,Sa dvije kolovozne trake,Pravac,Ne,Bez raskrsnice,Bez prelaza,Da,Da,0,0,1,0,3,,,,,,,,,
61,43.841884,18.277206,Regionalna cesta,06/05/2022,08:20:00,Vedro,Dan,Suh,0,0,1,Sudar prilikom preticanja,Urbano,Dvosmjerna cesta,Pravac,Ne,Bez raskrsnice,U blizini pješačkog prelaza,Da,Da,0,0,1,0,1,1,,,,,,,,
62,43.8283,18.314621,Regionalna cesta,27/01/2022,18:30:00,Kiša,Sumrak,Mokar,0,0,1,Udar prednjim dijelom vozila,Urbano,Sa dvije kolovozne trake,Pravac,Ne,T-raskrsnica,U blizini pješačkog prelaza,Da,Da,0,0,1,0,2,,,,,,,,,
63,43.819935,18.310496,Regionalna cesta,14/05/2022,17:20:00,Vedro,Dan,Suh,0,0,1,Udar prednjim dijelom vozila,Urbano,Sa dvije kolovozne trake,Pravac,Ne,T-raskrsnica,U blizini pješačkog prelaza,Da,Da,0,0,1,0,1,,1,,,,,,,
64,43.830599,18.31087,Regionalna cesta,29/06/2022,17:15:00,Vedro,Dan,Suh,0,0,1,Sudar prilikom skretanja,Urbano,Sa dvije kolovozne trake,Pravac,Ne,T-raskrsnica,U blizini pješačkog prelaza,Da,Da,0,0,1,0,2,,,,,,,,,
65,43.795551,18.321804,Regionalna cesta,11/07/2022,08:30:00,Vedro,Dan,Suh,0,0,1,Sudar prilikom obilaženja,Urbano,Dvosmjerna cesta,Pravac,Ne,Bez raskrsnice,U blizini pješačkog prelaza,Da,Da,0,0,1,0,1,1,,,,,,,,
66,43.79617,18.32012,Regionalna cesta,11/07/2022,15:20:00,Vedro,Dan,Suh,0,0,1,Udar u zadnji dio vozila,Urbano,Dvosmjerna cesta,Pravac,Ne,T-raskrsnica,U blizini pješačkog prelaza,Da,Da,0,0,1,0,2,,,,,,,,,
67,43.819935,18.310496,Regionalna cesta,17/07/2022,22:05:00,Vedro,Noć,Suh,0,0,1,Udar prednjim dijelom vozila,Urbano,Sa dvije kolovozne trake,Pravac,Ne,T-raskrsnica,U blizini pješačkog prelaza,Da,Da,0,0,1,0,1,1,,,,,,,,
68,43.859498,18.294212,Regionalna cesta,10/01/2022,11:30:00,Kiša,Dan,Mokar,0,0,2,Udar u zadnji dio vozila,Urbano,Dvosmjerna cesta,Pravac,Ne,Četverokraka raskrsnica,Bez prelaza,Da,Da,0,0,2,0,3,,,,,,,,,
69,43.845071,18.321022,Regionalna cesta,19/01/2022,15:50:00,Vedro,Dan,Suh,0,0,1,Udar u zadnji dio vozila,Urbano,Dvosmjerna cesta,Krivina,Ne,Četverokraka raskrsnica,U blizini pješačkog prelaza,Da,Da,0,0,1,0,2,,,,,,,,,
70,43.843918,18.327276,Regionalna cesta,06/04/2022,15:00:00,Vedro,Dan,Suh,0,0,1,Udar prednjim dijelom vozila,Urbano,Dvosmjerna cesta,Krivina,Ne,Četverokraka raskrsnica,U blizini pješačkog prelaza,Da,Da,0,0,1,0,,1,,,,,1,,,
71,43.848184,18.313156,Regionalna cesta,19/04/2022,14:20:00,Vedro,Dan,Suh,0,0,1,Udar u zadnji dio vozila,Urbano,Dvosmjerna cesta,Krivina,Ne,Bez raskrsnice,Bez prelaza,Da,Da,0,0,1,0,2,,,,,,,,,
72,43.848183,18.313159,Regionalna cesta,28/04/2022,15:30:00,Vedro,Dan,Suh,0,0,1,Sudar prilikom preticanja,Urbano,Dvosmjerna cesta,Krivina,Ne,Bez raskrsnice,Bez prelaza,Da,Da,0,0,1,0,2,,,,,,1,,,
73,43.833768,18.312131,Lokalna cesta,14/06/2022,07:00:00,Vedro,Dan,Suh,0,0,1,Udar prednjim dijelom vozila,Urbano,Dvosmjerna cesta,Krivina,Ne,Trokraka raskrsnica,U blizini pješačkog prelaza,Da,Da,0,0,1,0,1,1,,,,,,,,
74,43.832208,18.329045,Lokalna cesta,27/01/2022,09:35:00,Kiša,Dan,Mokar,0,0,1,Izlijetanje izvan kolovoza,Urbano,Dvosmjerna cesta,Krivina,Ne,Bez raskrsnice,Bez prelaza,Da,Da,0,0,1,0,2,,,,,,,,,
75,43.832336,18.32197,Lokalna cesta,15/02/2022,06:50:00,Kiša,Dan,Mokar,0,0,1,Izlijetanje izvan kolovoza,Urbano,Dvosmjerna cesta,Krivina,Ne,Bez raskrsnice,Bez prelaza,Da,Da,0,0,1,0,1,,,,,,,,,
76,43.833431,18.31289,Lokalna cesta,11/05/2022,07:45:00,Vedro,Dan,Suh,0,0,1,Udar prednjim dijelom vozila,Urbano,Dvosmjerna cesta,Pravac,Ne,Bez raskrsnice,Bez prelaza,Da,Da,0,0,1,0,1,,1,,,,,,,
77,43.830361,18.305311,Lokalna cesta,31/01/2022,08:10:00,Kiša,Dan,Mokar,0,0,1,Sudar prilikom skretanja,Urbano,Dvosmjerna cesta,Pravac,Ne,Četverokraka raskrsnica,U blizini pješačkog prelaza,Da,Da,0,0,1,0,1,1,,,,,,,,
78,43.830361,18.305311,Lokalna cesta,18/06/2022,06:15:00,Vedro,Dan,Suh,0,0,1,Udar prednjim dijelom vozila,Urbano,Dvosmjerna cesta,Pravac,Ne,Četverokraka raskrsnica,U blizini pješačkog prelaza,Da,Da,0,0,1,0,2,,,,,,,,,
79,43.831745,18.307765,Lokalna cesta,28/08/2022,04:00:00,Vedro,Noć,Suh,0,0,1,Udar prednjim dijelom vozila,Urbano,Dvosmjerna cesta,Pravac,Ne,Trokraka raskrsnica,U blizini pješačkog prelaza,Da,Da,0,0,1,0,1,1,,,,,,,,
80,43.79539,18.24574,Regionalna cesta,09/01/2022,03:30:00,Sa snijegom,Noć,Sa snijegom,0,0,1,Izlijetanje izvan kolovoza,Ruralno,Dvosmjerna cesta,Krivina,Ne,Bez raskrsnice,Bez prelaza,Ne,Ne,0,0,1,0,1,,,,,,,,,
81,43.80624,18.22977,Regionalna cesta,06/02/2022,20:20:00,Oblačno,Noć,Mokar,0,0,1,Izlijetanje izvan kolovoza,Ruralno,Dvosmjerna cesta,Krivina,Ne,Bez raskrsnice,Bez prelaza,Ne,Ne,0,0,1,0,1,,,,,,,,,
82,43.822502,18.204564,Lokalna cesta,07/04/2022,20:35:00,Vedro,Noć,Suh,0,0,1,Udar u pješaka,Urbano,Dvosmjerna cesta,Pravac,Ne,Bez raskrsnice,Bez prelaza,Da,Da,0,0,1,0,1,1,,,,,,,,
83,43.822323,18.203866,Lokalna cesta,07/07/2022,17:00:00,Vedro,Noć,Suh,0,0,1,Udar u pješaka,Urbano,Dvosmjerna cesta,Pravac,Ne,Četverokraka raskrsnica,U blizini pješačkog prelaza,Da,Da,0,0,1,0,1,1,,,,,,,,
84,43.831249,18.17724,Lokalna cesta,08/08/2022,15:15:00,Kiša,Dan,Mokar,0,1,0,Sudar vozila i motocikla,Urbano,Dvosmjerna cesta,Krivina,Ne,T-raskrsnica,Bez prelaza,Da,Da,0,0,1,0,1,,,,1,,,,,
85,43.852983,18.392933,Regionalna cesta,04/01/2022,10:40:00,Vedro,Dan,Suh,0,0,1,Udar prednjim dijelom vozila,Urbano,Dvosmjerna cesta,Pravac,Ne,Četverokraka raskrsnica,U blizini pješačkog prelaza,Da,Da,0,0,1,0,1,,,,,,,,,
86,43.858812,18.401181,Lokalna cesta,19/01/2022,20:40:00,Nepoznato,Noć,Nepoznato,0,1,0,Sudar prilikom skretanja,Urbano,Sa dvije kolovozne trake,Pravac,Ne,Četverokraka raskrsnica,U blizini pješačkog prelaza,Da,Da,0,0,1,0,1,,,,,,,,,
87,43.85169,18.378777,Magistralna cesta,19/01/2022,22:20:00,Vedro,Noć,Suh,0,0,1,Sudar prilikom skretanja,Urbano,Sa dvije kolovozne trake,Krivina,Ne,Četverokraka raskrsnica,U blizini pješačkog prelaza,Da,Da,0,0,1,0,1,1,,,,,,,,
88,43.850557,18.404174,Lokalna cesta,27/01/2022,17:30:00,Kiša,Noć,Mokar,0,0,1,Sudar prilikom skretanja,Urbano,Dvosmjerna cesta,Krivina,Ne,Trokraka raskrsnica,Bez prelaza,Da,Da,0,0,1,0,1,1,,,,,,,,
89,43.851986,18.372155,Lokalna cesta,28/01/2022,11:55:00,Kiša,Dan,Mokar,0,0,1,Sudar prilikom skretanja,Urbano,Dvosmjerna cesta,Pravac,Ne,Četverokraka raskrsnica,Pješački prelaz,Da,Da,0,0,1,0,1,,,,,,,,,
90,43.8516,18.37894,Lokalna cesta,29/01/2022,18:45:00,Kiša,Noć,Mokar,0,0,2,Udar u zadnji dio vozila,Urbano,Sa dvije kolovozne trake,Pravac,Ne,Četverokraka raskrsnica,U blizini pješačkog prelaza,Da,Da,0,0,2,0,1,,,,,,,,,
91,43.847655,18.396644,Regionalna cesta,01/02/2022,11:20:00,Kiša,Dan,Mokar,0,0,1,Sudar prilikom skretanja,Urbano,Dvosmjerna cesta,Krivina,Ne,Četverokraka raskrsnica,U blizini pješačkog prelaza,Da,Da,0,0,1,0,1,1,,,,,,,,
92,43.852843,18.381862,Magistralna cesta,04/02/2022,21:00:00,Vedro,Noć,Suh,0,0,1,Udar u zadnji dio vozila,Urbano,Sa dvije kolovozne trake,Pravac,Ne,Bez raskrsnice,Bez prelaza,Da,Da,0,0,1,0,1,,,,,,,,,
93,43.847625,18.387063,Regionalna cesta,08/02/2022,20:00:00,Kiša,Noć,Mokar,0,0,1,Udar prednjim dijelom vozila,Urbano,Sa dvije kolovozne trake,Pravac,Ne,T-raskrsnica,Pješački prelaz,Da,Da,0,0,1,0,1,1,,,,,,,,
94,43.85767,18.391409,Lokalna cesta,15/02/2022,13:53:00,Vedro,Dan,Suh,0,0,1,Udar zadnjim dijelom vozila,Urbano,Sa dvije kolovozne trake,Krivina,Ne,Kružni tok,U blizini pješačkog prelaza,Da,Da,0,0,1,0,1,,,,,,,,,
95,43.8522462,18.40558581,Lokalna cesta,26/02/2022,08:20:00,Kiša,Dan,Mokar,0,0,1,Sudar prilikom obilaženja,Urbano,Dvosmjerna cesta,Pravac,Ne,Bez raskrsnice,Bez prelaza,Da,Da,0,0,1,0,1,,,,,,,,,
96,43.849455,18.403314,Magistralna cesta,10/03/2022,14:40:00,Vedro,Dan,Suh,0,0,1,Udar prednjim dijelom vozila,Urbano,Dvosmjerna cesta,Krivina,Ne,Četverokraka raskrsnica,U blizini pješačkog prelaza,Da,Da,0,0,1,0,1,,,,,,,,,
97,43.8527024,18.38634304,Magistralna cesta,13/03/2022,16:15:00,Vedro,Dan,Suh,0,0,3,Udar prednjim dijelom vozila,Urbano,Sa dvije kolovozne trake,Pravac,Ne,Bez raskrsnice,Bez prelaza,Da,Da,0,0,3,0,1,,,,,,,,,
98,43.855893,18.384313,Lokalna cesta,25/04/2022,08:00:00,Nepoznato,Dan,Nepoznato,0,0,1,Udar u zadnji dio vozila,Urbano,Dvosmjerna cesta,Pravac,Ne,Bez raskrsnice,Bez prelaza,Da,Da,0,0,1,0,2,,,,,,,,,
99,43.852583,18.384716,Magistralna cesta,10/05/2022,18:44:00,Vedro,Dan,Suh,0,0,1,Udar u pješaka,Urbano,Sa dvije kolovozne trake,Pravac,Ne,Bez raskrsnice,Bez prelaza,Da,Da,0,0,1,0,1,1,,,,,,,,
100,43.8532353,18.38923762,Magistralna cesta,12/05/2022,11:20:00,Vedro,Dan,Suh,0,0,1,Udar u pješaka,Urbano,Sa dvije kolovozne trake,Pravac,Ne,Bez raskrsnice,Bez prelaza,Da,Da,0,0,1,0,1,1,,,,,,,,
101,43.849358,18.368459,Magistralna cesta,18/08/2022,06:30:00,Vedro,Dan,Suh,0,0,1,Sudar prilikom preticanja,Urbano,Sa dvije kolovozne trake,Pravac,Ne,Bez raskrsnice,Bez prelaza,Da,Da,0,0,1,0,2,,,,,,,,,
102,43.848254,18.390656,Regionalna cesta,22/08/2022,21:35:00,Vedro,Noć,Suh,0,0,1,Udar prednjim dijelom vozila,Urbano,Sa dvije kolovozne trake,Pravac,Ne,Bez raskrsnice,Bez prelaza,Da,Da,0,0,1,0,2,,,,,,,,,
103,43.850914,18.367306,Magistralna cesta,25/08/2022,12:50:00,Vedro,Dan,Suh,0,0,1,Udar prednjim dijelom vozila,Urbano,Dvosmjerna cesta,Pravac,Ne,Bez raskrsnice,Bez prelaza,Da,Da,0,0,1,0,2,,,,,,,,,
104,43.85285,18.385492,Magistralna cesta,30/08/2022,12:55:00,Vedro,Dan,Suh,0,0,1,Udar u zadnji dio vozila,Urbano,Sa dvije kolovozne trake,Pravac,Ne,Bez raskrsnice,Pješački prelaz,Da,Da,0,0,1,0,2,,,,,,,,,
105,43.852396,18.359682,Lokalna cesta,08/01/2022,13:30:00,Sa snijegom,Dan,Sa snijegom,0,0,2,Udar u zadnji dio vozila,Urbano,Dvosmjerna cesta,Pravac,Ne,Bez raskrsnice,Bez prelaza,Da,Da,0,0,2,0,4,,,,,,,,,
106,43.855278,18.365833,Lokalna cesta,05/02/2022,09:40:00,Vedro,Dan,Suh,0,0,1,Izlijetanje izvan kolovoza,Urbano,Dvosmjerna cesta,Pravac,Ne,Bez raskrsnice,Bez prelaza,Da,Da,0,0,1,0,1,,,,,,,,,
107,43.84866173,18.36691711,Lokalna cesta,10/02/2022,18:40:00,Sa snijegom,Dan,Sa snijegom,0,0,1,Udar u zadnji dio vozila,Urbano,Dvosmjerna cesta,Pravac,Ne,Bez raskrsnice,Bez prelaza,Da,Da,0,0,1,0,2,,,,,,,,,
108,43.849167,18.366944,Magistralna cesta,24/02/2022,18:30:00,Sa snijegom,Sumrak,Sa snijegom,0,0,1,Sudar prilikom skretanja,Urbano,Sa dvije kolovozne trake,Krivina,Ne,Četverokraka raskrsnica,Bez prelaza,Da,Da,0,0,1,0,3,,,,,,,,,
109,43.861029,18.358055,Lokalna cesta,04/03/2022,12:00:00,Vedro,Sumrak,Suh,0,0,1,Udar u pješaka,Urbano,Dvosmjerna cesta,Pravac,Ne,Bez raskrsnice,Pješački prelaz,Da,Da,0,0,1,0,1,1,,,,,,,,
110,43.857778,18.353889,Lokalna cesta,28/03/2022,07:25:00,Vedro,Dan,Suh,0,0,1,Sudar prilikom skretanja,Urbano,Dvosmjerna cesta,Pravac,Ne,Bez raskrsnice,Bez prelaza,Ne,Da,0,0,1,0,2,,,,,,,,,
111,43.846944,18.353333,Magistralna cesta,28/03/2022,11:35:00,Vedro,Dan,Suh,0,0,1,Udar u zadnji dio vozila,Urbano,Sa dvije kolovozne trake,Pravac,Ne,Bez raskrsnice,Bez prelaza,Da,Da,0,0,1,0,2,,,,,,,,,
112,43.855278,18.366111,Lokalna cesta,06/04/2022,20:40:00,Vedro,Dan,Suh,0,0,1,Sudar prilikom skretanja,Urbano,Dvosmjerna cesta,Pravac,Ne,Bez raskrsnice,Bez prelaza,Da,Da,0,0,1,0,2,,,,,,,,,
113,43.847778,18.366944,Lokalna cesta,09/04/2022,22:10:00,Vedro,Noć,Suh,0,0,1,Udar u pješaka,Urbano,Dvosmjerna cesta,Pravac,Ne,Četverokraka raskrsnica,Pješački prelaz,Da,Da,0,0,1,0,1,1,,,,,,,,
114,43.861944,18.364722,Lokalna cesta,10/04/2022,22:15:00,Vedro,Noć,Suh,0,0,2,Udar prednjim dijelom vozila,Urbano,Dvosmjerna cesta,Pravac,Ne,Bez raskrsnice,Školski prelaz,Da,Da,0,0,2,0,2,,,,,,,,,
115,43.852059,18.346963,Lokalna cesta,11/04/2022,07:30:00,Vedro,Noć,Suh,0,0,1,Udar u zadnji dio vozila,Urbano,Dvosmjerna cesta,Pravac,Ne,Bez raskrsnice,Bez prelaza,Da,Da,0,0,1,0,2,,,,,1,,,,
116,43.863056,18.351667,Lokalna cesta,15/04/2022,14:30:00,Kiša,Dan,Mokar,0,0,1,Izlijetanje izvan kolovoza,Urbano,Dvosmjerna cesta,Krivina,Ne,Bez raskrsnice,Bez prelaza,Da,Da,0,0,1,0,1,,,,,,,,,
117,43.852033,18.34724,Lokalna cesta,19/04/2022,07:35:00,Vedro,Dan,Suh,0,0,2,Udar u zadnji dio vozila,Urbano,Dvosmjerna cesta,Pravac,Ne,Bez raskrsnice,Bez prelaza,Da,Da,0,0,2,0,2,,,,,,,,,
118,43.845628,18.342476,Magistralna cesta,20/04/2022,13:15:00,Vedro,Dan,Suh,0,0,1,Sudar prilikom preticanja,Urbano,Sa dvije kolovozne trake,Pravac,Ne,Bez raskrsnice,Bez prelaza,Da,Da,0,0,1,0,2,,,,,,,,,
119,43.845872,18.347429,Magistralna cesta,22/04/2022,23:20:00,Oblačno,Dan,Suh,0,0,1,Sudar prilikom preticanja,Urbano,Dvosmjerna cesta,Pravac,Ne,Bez raskrsnice,Bez prelaza,Da,Da,0,0,1,0,1,,1,,,,,,,
120,43.832427,18.336768,Lokalna cesta,14/02/2022,15:15:00,Oblačno,Dan,Suh,0,0,2,Udar u zadnji dio vozila,Urbano,Dvosmjerna cesta,Pravac,Ne,Bez raskrsnice,Bez prelaza,Ne,Da,0,0,2,0,2,,,,,,,,,
121,43.838798,18.342817,Lokalna cesta,17/02/2022,17:40:00,Oblačno,Dan,Suh,0,0,1,Sudar prilikom skretanja,Urbano,Sa dvije kolovozne trake,Krivina,Ne,T-raskrsnica,Pješački prelaz,Da,Da,0,0,1,0,2,,,,,,,,,
122,43.832899,18.348554,Lokalna cesta,26/06/2022,21:20:00,Vedro,Dan,Suh,0,0,1,Sudar prilikom skretanja,Urbano,Dvosmjerna cesta,Pravac,Ne,Bez raskrsnice,Bez prelaza,Da,Da,0,0,1,0,2,,,,,,,,,
123,43.82588,18.35018,Lokalna cesta,24/07/2022,14:10:00,Vedro,Noć,Suh,0,0,1,Udar u pješaka,Urbano,Dvosmjerna cesta,Pravac,Ne,Bez raskrsnice,Bez prelaza,Da,Da,0,0,1,0,1,1,,,,,,,,
124,43.82717,18.35492,Lokalna cesta,11/08/2022,12:30:00,Vedro,Dan,Suh,0,0,1,Sudar prilikom skretanja,Urbano,Dvosmjerna cesta,Krivina,Ne,Četverokraka raskrsnica,Bez prelaza,Da,Da,0,0,1,0,2,,,,,,,,,
125,43.879357,18.307461,Lokalna cesta,22/01/2022,19:15:00,Vedro,Dan,Suh,0,0,1,Sudar prilikom skretanja,Urbano,Dvosmjerna cesta,Pravac,Ne,Bez raskrsnice,Bez prelaza,Da,Da,0,0,1,0,2,,,,,,,,,
126,43.874444,18.311667,Magistralna cesta,25/01/2022,08:25:00,Vedro,Noć,Suh,0,0,1,Udar u zadnji dio vozila,Urbano,Dvosmjerna cesta,Pravac,Ne,Bez raskrsnice,Bez prelaza,Da,Da,0,0,1,0,1,,,,,2,,,,
127,43.880833,18.316944,Magistralna cesta,14/02/2022,16:50:00,Kiša,Dan,Mokar,0,0,1,Udar u zadnji dio vozila,Urbano,Dvosmjerna cesta,Pravac,Ne,Bez raskrsnice,Bez prelaza,Da,Da,0,0,1,0,2,,,,,,,,,
128,43.869542,18.311772,Magistralna cesta,04/04/2022,08:25:00,Vedro,Dan,Suh,0,0,3,Udar u zadnji dio vozila,Urbano,Dvosmjerna cesta,Pravac,Ne,Bez raskrsnice,Bez prelaza,Da,Da,0,0,3,0,2,,,,,,,,,
129,43.881355,18.317554,Magistralna cesta,11/04/2022,11:45:00,Vedro,Dan,Suh,0,0,1,Udar u zadnji dio vozila,Urbano,Dvosmjerna cesta,Pravac,Ne,Bez raskrsnice,Bez prelaza,Da,Da,0,0,1,0,2,,,,,,,,,
130,43.884123,18.321693,Magistralna cesta,17/05/2022,07:00:00,Vedro,Dan,Suh,0,0,1,Sudar prilikom skretanja,Urbano,Dvosmjerna cesta,Pravac,Ne,Bez raskrsnice,Bez prelaza,Da,Da,0,0,1,0,2,,,,,,,,,
131,43.85165002,18.40245024,Lokalna cesta,06/01/2022,16:50:00,Kiša,Dan,Mokar,1,0,1,Udar u pješaka,Urbano,Dvosmjerna cesta,Pravac,Ne,Bez raskrsnice,Bez prelaza,Da,Da,1,0,1,1,1,1,,,,,,,,
132,43.83188802,18.30831922,Lokalna cesta,07/01/2022,07:00:00,Vedro,Dan,Suh,0,1,0,Udar u pješaka,Urbano,Dvosmjerna cesta,Krivina,Ne,Bez raskrsnice,Pješački prelaz,Da,Da,0,0,1,0,1,1,,,,,,,,
133,43.8542146,18.43015419,Lokalna cesta,18/01/2022,10:20:00,Vedro,Dan,Suh,0,1,0,Udar u pješaka,Urbano,Dvosmjerna cesta,Pravac,Ne,Bez raskrsnice,Bez prelaza,Da,Da,0,0,1,0,1,1,,,,,,,,
134,43.85040724,18.36020238,Lokalna cesta,20/01/2022,17:20:00,Vedro,Sumrak,Suh,0,1,0,Udar u pješaka,Urbano,Dvosmjerna cesta,Pravac,Ne,Bez raskrsnice,Bez prelaza,Da,Da,0,0,1,0,1,1,,,,,,,,
135,43.84827109,18.3670166,Lokalna cesta,21/01/2022,13:00:00,Vedro,Sumrak,Suh,0,1,0,Udar u pješaka,Urbano,Dvosmjerna cesta,Pravac,Ne,Bez raskrsnice,Bez prelaza,Da,Da,0,0,1,0,1,1,,,,,,,,
136,43.90188268,18.34314767,Lokalna cesta,09/02/2022,07:40:00,Vedro,Dan,Suh,0,1,0,Udar u pješaka,Urbano,Dvosmjerna cesta,Krivina,Ne,Bez raskrsnice,Bez prelaza,Da,Da,0,0,1,0,1,1,,,,,,,,
137,43.84627947,18.37643337,Lokalna cesta,09/02/2022,18:25:00,Vedro,Dan,Suh,0,1,0,Udar u pješaka,Urbano,Dvosmjerna cesta,Pravac,Ne,Bez raskrsnice,Bez prelaza,Da,Da,0,0,1,0,1,1,,,,,,,,
138,43.85615432,18.42377541,Lokalna cesta,11/02/2022,20:58:00,Vedro,Noć,Suh,0,1,0,Udar u pješaka,Urbano,Sa dvije kolovozne trake,Krivina,Ne,Bez raskrsnice,Pješački prelaz,Da,Da,0,0,1,0,1,1,,,,,,,,
139,43.84339874,18.34099884,Lokalna cesta,18/02/2022,15:20:00,Vedro,Dan,Suh,0,1,2,Sudar prilikom skretanja,Urbano,Dvosmjerna cesta,Krivina,Ne,Trokraka raskrsnica,Pješački prelaz,Da,Da,0,0,3,0,2,,,,,,,,,
140,43.84022868,18.34897426,Lokalna cesta,23/02/2022,13:20:00,Vedro,Dan,Suh,0,1,0,Udar u pješaka,Urbano,Sa dvije kolovozne trake,Krivina,Ne,Četverokraka raskrsnica,Pješački prelaz,Da,Da,0,0,1,0,1,1,,,,,,,,
141,43.859724,18.415072,Lokalna cesta,25/02/2022,08:00:00,Vedro,Dan,Suh,0,1,0,Udar u zadnji dio vozila,Urbano,Dvosmjerna cesta,Pravac,Ne,Bez raskrsnice,Bez prelaza,Da,Da,0,0,1,0,2,,,,,,,,,
142,43.84533,18.340485,Lokalna cesta,08/03/2022,19:15:00,Vedro,Noć,Suh,0,1,0,Udar u pješaka,Urbano,Sa dvije kolovozne trake,Krivina,Ne,Četverokraka raskrsnica,Pješački prelaz,Da,Da,0,0,1,0,1,1,,,,,,,,
143,43.8420125,18.33868696,Lokalna cesta,19/03/2022,14:35:00,Vedro,Dan,Suh,0,1,0,Sudar prilikom skretanja,Urbano,Dvosmjerna cesta,Krivina,Ne,Trokraka raskrsnica,Pješački prelaz,Da,Da,0,0,1,0,2,,,,,,,,,
144,43.85297326,18.40658256,Lokalna cesta,11/04/2022,07:10:00,Vedro,Dan,Suh,0,1,0,Udar u pješaka,Urbano,Dvosmjerna cesta,Pravac,Ne,T-raskrsnica,Pješački prelaz,Da,Da,0,0,1,0,1,1,,,,,,,,
145,43.85614619,18.42377158,Lokalna cesta,11/04/2022,16:20:00,Vedro,Dan,Suh,0,1,0,Udar u pješaka,Urbano,Sa dvije kolovozne trake,Krivina,Ne,Bez raskrsnice,Pješački prelaz,Da,Da,0,0,1,0,1,1,,,,,,,,
146,43.87662635,18.31280044,Lokalna cesta,14/04/2022,15:05:00,Vedro,Dan,Suh,1,0,8,Sudar prilikom skretanja,Urbano,Dvosmjerna cesta,Pravac,Ne,Bez raskrsnice,Bez prelaza,Da,Da,1,0,9,1,1,,,,,,1,,,
147,43.85824479,18.41212215,Lokalna cesta,24/04/2022,07:50:00,Vedro,Dan,Suh,0,1,0,Sudar prilikom skretanja,Urbano,Jednosmjerna cesta,Krivina,Ne,Četverokraka raskrsnica,Pješački prelaz,Da,Da,0,0,1,0,2,,,,,,,,,
148,43.87855083,18.39326626,Lokalna cesta,26/04/2022,06:40:00,Vedro,Dan,Suh,0,1,1,Sudar prilikom skretanja,Urbano,Dvosmjerna cesta,Pravac,Ne,Bez raskrsnice,Pješački prelaz,Da,Da,0,0,2,0,2,,,,,,,,,
149,43.85615914,18.42259398,Lokalna cesta,10/05/2022,13:45:00,Vedro,Dan,Suh,0,1,0,Udar u pješaka,Urbano,Dvosmjerna cesta,Pravac,Ne,Bez raskrsnice,Bez prelaza,Da,Da,0,0,1,0,1,1,,,,,,,,
150,43.838018,18.318344,Lokalna cesta,11/05/2022,17:40:00,Vedro,Dan,Suh,0,1,0,Udar u pješaka,Urbano,Sa dvije kolovozne trake,Pravac,Ne,Bez raskrsnice,Bez prelaza,Da,Da,0,0,1,0,1,1,,,,,,,,
151,43.82922576,18.35359853,Lokalna cesta,16/05/2022,15:00:00,Vedro,Dan,Suh,0,1,1,Udar u pješaka,Urbano,Jednosmjerna cesta,Pravac,Ne,Trokraka raskrsnica,Bez prelaza,Da,Da,0,0,2,0,1,1,,,,,,,,
152,43.90199219,18.34437727,Lokalna cesta,17/05/2022,08:50:00,Vedro,Dan,Suh,0,1,0,Udar u pješaka,Urbano,Dvosmjerna cesta,Pravac,Ne,T-raskrsnica,Bez prelaza,Da,Da,0,0,1,0,1,1,,,,,,,,
153,43.85566562,18.39777918,Lokalna cesta,20/05/2022,13:10:00,Vedro,Dan,Suh,0,1,0,Udar u pješaka,Urbano,Sa dvije kolovozne trake,Pravac,Ne,Bez raskrsnice,Bez prelaza,Da,Da,0,0,1,0,1,1,,,,,,,,
154,43.83172484,18.30925332,Lokalna cesta,28/05/2022,09:50:00,Vedro,Dan,Suh,0,1,1,Udar u pješaka,Urbano,Dvosmjerna cesta,Pravac,Ne,Bez raskrsnice,Pješački prelaz,Da,Da,0,0,2,0,1,1,,,,,,,,
155,43.85272547,18.37653004,Lokalna cesta,31/05/2022,18:35:00,Vedro,Dan,Suh,0,1,0,Sudar prilikom skretanja,Urbano,Dvosmjerna cesta,Pravac,Ne,Trokraka raskrsnica,Bez prelaza,Da,Da,0,0,1,0,2,,,,,,,,,
156,43.84395649,18.36645503,Lokalna cesta,01/06/2022,19:25:00,Oblačno,Sumrak,Suh,0,1,0,Udar u pješaka,Urbano,Dvosmjerna cesta,Pravac,Ne,Trokraka raskrsnica,Bez prelaza,Da,Da,0,0,1,0,1,1,,,,,,,,
157,43.838018,18.318344,Magistralna cesta,06/06/2022,06:50:00,Vedro,Dan,Suh,0,1,0,Udar u pješaka,Urbano,Sa dvije kolovozne trake,Pravac,Ne,Bez raskrsnice,Bez prelaza,Da,Da,0,0,1,0,1,1,,,,,,,,
158,43.898008,18.361337,Lokalna cesta,10/06/2022,09:30:00,Vedro,Dan,Suh,0,1,0,Udar u pješaka,Urbano,Dvosmjerna cesta,Pravac,Ne,T-raskrsnica,Pješački prelaz,Da,Da,0,0,1,0,1,1,,,,,,,,
159,43.84593662,18.37379756,Lokalna cesta,13/06/2022,13:55:00,Vedro,Dan,Suh,1,0,1,Udar u pješaka,Urbano,Dvosmjerna cesta,Pravac,Ne,Trokraka raskrsnica,Pješački prelaz,Da,Da,1,0,1,1,1,1,,,,,,,,
160,43.85161925,18.37896042,Lokalna cesta,16/06/2022,12:00:00,Vedro,Dan,Suh,0,1,0,Udar u pješaka,Urbano,Sa dvije kolovozne trake,Krivina,Ne,Četverokraka raskrsnica,Bez prelaza,Da,Da,0,0,1,0,1,1,,,,,,,,
161,43.85554855,18.41881718,Lokalna cesta,22/06/2022,12:20:00,Vedro,Dan,Suh,0,1,0,Izlijetanje izvan kolovoza,Urbano,Sa dvije kolovozne trake,Pravac,Ne,Bez raskrsnice,Bez prelaza,Da,Da,0,0,1,0,1,,,,,,,,,
162,43.84794273,18.35941332,Lokalna cesta,30/06/2022,23:30:00,Oblačno,Noć,Suh,0,1,2,Udar u zadnji dio vozila,Urbano,Sa dvije kolovozne trake,Pravac,Ne,Bez raskrsnice,Bez prelaza,Da,Da,0,0,3,0,2,,,,,,,,,
163,43.831699,18.307852,Lokalna cesta,03/07/2022,21:45:00,Vedro,Noć,Suh,0,1,0,Udar u pješaka,Urbano,Dvosmjerna cesta,Krivina,Ne,Trokraka raskrsnica,Pješački prelaz,Da,Da,0,0,1,0,1,1,,,,,,,,
164,43.98938704,18.23092339,Regionalna cesta,11/07/2022,14:45:00,Vedro,Dan,Suh,0,1,0,Udar u pješaka,Urbano,Dvosmjerna cesta,Pravac,Ne,Bez raskrsnice,Bez prelaza,Da,Da,0,0,1,0,1,1,,,,,,,,
165,43.85168833,18.37880786,Lokalna cesta,13/07/2022,18:05:00,Vedro,Dan,Suh,0,1,0,Udar u zadnji dio vozila,Urbano,Sa dvije kolovozne trake,Pravac,Ne,Četverokraka raskrsnica,Bez prelaza,Da,Da,0,0,1,0,2,,,,,,,,,
166,43.86011238,18.41178448,Lokalna cesta,20/07/2022,12:25:00,Vedro,Dan,Suh,0,1,0,Udar u pješaka,Urbano,Dvosmjerna cesta,Pravac,Ne,Bez raskrsnice,Bez prelaza,Da,Da,0,0,1,0,1,1,,,,,,,,
167,43.85567326,18.39777372,Lokalna cesta,23/07/2022,22:40:00,Vedro,Noć,Suh,0,1,0,Udar u pješaka,Urbano,Sa dvije kolovozne trake,Pravac,Ne,Bez raskrsnice,Bez prelaza,Da,Da,0,0,1,0,1,1,,,,,,,,
168,43.83488719,18.32852796,Lokalna cesta,10/08/2022,12:50:00,Vedro,Dan,Suh,0,1,0,Udar u zadnji dio vozila,Urbano,Dvosmjerna cesta,Pravac,Ne,Bez raskrsnice,Bez prelaza,Da,Da,0,0,1,0,2,,,,,,,,,
169,43.85907831,18.35395814,Regionalna cesta,21/08/2022,12:10:00,Kiša,Dan,Mokar,0,3,3,Izlijetanje izvan kolovoza,Urbano,Dvosmjerna cesta,Krivina,Ne,Trokraka raskrsnica,Bez prelaza,Da,Da,0,0,6,0,2,,,,,,,,,
170,43.87829628,18.41015261,Lokalna cesta,25/08/2022,16:20:00,Vedro,Dan,Suh,0,1,0,Udar u pješaka,Urbano,Dvosmjerna cesta,Krivina,Ne,Bez raskrsnice,Bez prelaza,Da,Da,0,0,1,0,1,1,,,,,,,,
171,43.85886537,18.42040028,Lokalna cesta,30/08/2022,09:10:00,Vedro,Dan,Suh,0,1,0,Sudar prilikom skretanja,Urbano,Jednosmjerna cesta,Pravac,Ne,Četverokraka raskrsnica,Bez prelaza,Da,Da,0,0,1,0,2,,,,,,,,,
172,43.84925813,18.37982878,Lokalna cesta,30/08/2022,23:35:00,Vedro,Noć,Suh,0,1,3,Sudar prilikom skretanja,Urbano,Dvosmjerna cesta,Krivina,Ne,T-raskrsnica,Pješački prelaz,Da,Da,0,0,4,0,2,,,,,,,,,
173,43.85374785,18.364521,Lokalna cesta,22/05/2022,11:10:00,Vedro,Dan,Suh,0,0,2,Udar u zadnji dio vozila,Urbano,Dvosmjerna cesta,Pravac,Ne,Bez raskrsnice,Pješački prelaz,Da,Da,0,0,2,0,2,,,,,,,,,
174,43.84807264,18.359999,Magistralna cesta,26/05/2022,16:00:00,Vedro,Dan,Suh,0,0,1,Izlijetanje izvan kolovoza,Urbano,Sa dvije kolovozne trake,Pravac,Ne,Bez raskrsnice,Bez prelaza,Da,Da,0,0,1,0,,,,1,,,,,,
175,43.8542794,18.3663725,Lokalna cesta,27/05/2022,19:30:00,Vedro,Noć,Suh,0,0,1,Udar u zadnji dio vozila,Urbano,Dvosmjerna cesta,Krivina,Ne,T-raskrsnica,Pješački prelaz,Da,Da,0,0,1,0,2,,,,,,,,,
176,43.84807264,18.359999,Magistralna cesta,30/05/2022,15:00:00,Kiša,Dan,Mokar,0,0,2,Udar u zadnji dio vozila,Urbano,Sa dvije kolovozne trake,Pravac,Ne,Bez raskrsnice,Bez prelaza,Da,Da,0,0,2,0,3,,,,,,,,,
177,43.8542794,18.3663725,Lokalna cesta,08/06/2022,14:05:00,Vedro,Dan,Suh,0,0,2,Udar prednjim dijelom vozila,Urbano,Dvosmjerna cesta,Krivina,Ne,T-raskrsnica,Pješački prelaz,Da,Da,0,0,2,0,2,,,,,,,,,
178,43.84807264,18.359999,Magistralna cesta,13/06/2022,13:50:00,Kiša,Dan,Mokar,0,0,1,Udar u zadnji dio vozila,Urbano,Sa dvije kolovozne trake,Pravac,Ne,Bez raskrsnice,Bez prelaza,Da,Da,0,0,1,0,2,,,,,,,,,
179,43.8542794,18.3663725,Lokalna cesta,13/06/2022,22:40:00,Oblačno,Noć,Suh,0,0,1,Udar prednjim dijelom vozila,Urbano,Dvosmjerna cesta,Krivina,Ne,T-raskrsnica,Pješački prelaz,Da,Da,0,0,1,0,1,1,,,,,,,,
180,43.84807264,18.359999,Magistralna cesta,16/06/2022,12:05:00,Vedro,Dan,Suh,0,0,3,Udar u zadnji dio vozila,Urbano,Sa dvije kolovozne trake,Pravac,Ne,Bez raskrsnice,Bez prelaza,Da,Da,0,0,3,0,2,,,,,,,,,
181,43.84807264,18.359999,Magistralna cesta,20/06/2022,08:25:00,Vedro,Dan,Suh,0,0,1,Udar u zadnji dio vozila,Urbano,Sa dvije kolovozne trake,Pravac,Ne,Bez raskrsnice,Bez prelaza,Da,Da,0,0,1,0,2,,,,,,,,,
182,43.84807264,18.359999,Magistralna cesta,20/06/2022,12:30:00,Vedro,Dan,Suh,0,0,1,Udar u zadnji dio vozila,Urbano,Sa dvije kolovozne trake,Pravac,Ne,Bez raskrsnice,Bez prelaza,Da,Da,0,0,1,0,2,,,,,,,,,
183,43.84807264,18.359999,Magistralna cesta,21/06/2022,07:10:00,Vedro,Dan,Suh,0,0,1,Udar u zadnji dio vozila,Urbano,Sa dvije kolovozne trake,Pravac,Ne,Bez raskrsnice,Bez prelaza,Da,Da,0,0,1,0,2,,,,,,,,,
184,43.84807264,18.359999,Magistralna cesta,22/06/2022,12:40:00,Vedro,Dan,Suh,0,0,2,Sudar prilikom preticanja,Urbano,Sa dvije kolovozne trake,Pravac,Ne,Bez raskrsnice,Bez prelaza,Da,Da,0,0,2,0,2,,,,,,,,,
185,43.85374785,18.364521,Lokalna cesta,24/06/2022,11:25:00,Oblačno,Dan,Suh,0,0,1,Udar u zadnji dio vozila,Urbano,Dvosmjerna cesta,Pravac,Ne,Bez raskrsnice,Pješački prelaz,Da,Da,0,0,1,0,2,,,,,,,,,
186,43.84807264,18.359999,Magistralna cesta,01/07/2022,13:00:00,Vedro,Dan,Suh,0,0,1,Udar u zadnji dio vozila,Urbano,Sa dvije kolovozne trake,Pravac,Ne,Bez raskrsnice,Bez prelaza,Da,Da,0,0,1,0,3,,,,,,,,,
187,43.84807264,18.359999,Magistralna cesta,02/07/2022,20:50:00,Vedro,Noć,Suh,0,0,1,Udar u zadnji dio vozila,Urbano,Sa dvije kolovozne trake,Pravac,Ne,Bez raskrsnice,Bez prelaza,Da,Da,0,0,1,0,1,,,1,,,,,,
188,43.84716326,18.3737087,Lokalna cesta,02/07/2022,23:30:00,Vedro,Noć,Suh,0,0,1,Sudar prilikom skretanja,Urbano,Dvosmjerna cesta,Krivina,Ne,Trokraka raskrsnica,Pješački prelaz,Da,Da,0,0,1,0,1,1,,,,,,,,
189,43.8542794,18.3663725,Lokalna cesta,04/07/2022,00:20:00,Vedro,Noć,Suh,0,0,1,Izlijetanje izvan kolovoza,Urbano,Dvosmjerna cesta,Krivina,Ne,T-raskrsnica,Pješački prelaz,Da,Da,0,0,1,0,1,,,,,,,,,
190,43.84807264,18.359999,Magistralna cesta,15/07/2022,07:45:00,Vedro,Dan,Suh,0,0,1,Udar u zadnji dio vozila,Urbano,Sa dvije kolovozne trake,Pravac,Ne,Bez raskrsnice,Bez prelaza,Da,Da,0,0,1,0,2,,,,,,,,,
191,43.8508908,18.37183916,Lokalna cesta,16/07/2022,13:55:00,Oblačno,Dan,Suh,0,0,1,Udar u zadnji dio vozila,Urbano,Jednosmjerna cesta,Pravac,Ne,Bez raskrsnice,Bez prelaza,Da,Da,0,0,1,0,2,,,,,,,,,
192,43.8542794,18.3663725,Lokalna cesta,18/07/2022,18:45:00,Vedro,Sumrak,Suh,0,0,1,Sudar prilikom skretanja,Urbano,Dvosmjerna cesta,Krivina,Ne,T-raskrsnica,Pješački prelaz,Da,Da,0,0,1,0,1,,,,,,,1,,
193,43.84807264,18.359999,Magistralna cesta,19/07/2022,17:40:00,Vedro,Dan,Suh,0,1,1,Izlijetanje izvan kolovoza,Urbano,Sa dvije kolovozne trake,Pravac,Ne,Bez raskrsnice,Bez prelaza,Da,Da,0,0,2,0,1,,,,,,,,,
194,43.8542794,18.3663725,Lokalna cesta,20/07/2022,17:10:00,Vedro,Dan,Suh,0,0,3,Sudar prilikom skretanja,Urbano,Dvosmjerna cesta,Krivina,Ne,T-raskrsnica,Pješački prelaz,Da,Da,0,0,3,0,2,,,,,,,,,
195,43.84807264,18.359999,Magistralna cesta,21/07/2022,15:00:00,Oblačno,Dan,Suh,0,0,1,Udar u zadnji dio vozila,Urbano,Sa dvije kolovozne trake,Pravac,Ne,Bez raskrsnice,Bez prelaza,Da,Da,0,0,1,0,2,,,,,,,,,
196,43.85374785,18.364521,Lokalna cesta,27/07/2022,20:17:00,Vedro,Noć,Suh,0,0,1,Udar u pješaka,Urbano,Dvosmjerna cesta,Pravac,Ne,Bez raskrsnice,Pješački prelaz,Da,Da,0,0,1,0,1,1,,,,,,,,
197,43.84807264,18.359999,Magistralna cesta,29/07/2022,14:50:00,Kiša,Dan,Mokar,0,0,1,Udar u zadnji dio vozila,Urbano,Sa dvije kolovozne trake,Pravac,Ne,Bez raskrsnice,Bez prelaza,Da,Da,0,0,1,0,3,,,,,,,,,
198,43.84807264,18.359999,Magistralna cesta,04/08/2022,14:35:00,Vedro,Dan,Suh,0,0,1,Udar prednjim dijelom vozila,Urbano,Sa dvije kolovozne trake,Pravac,Ne,Bez raskrsnice,Bez prelaza,Da,Da,0,0,1,0,1,1,,,,,,,,
199,43.84886739,18.36026483,Lokalna cesta,06/08/2022,18:35:00,Vedro,Sumrak,Suh,0,0,2,Udar u pješaka,Urbano,Dvosmjerna cesta,Pravac,Ne,Bez raskrsnice,Bez prelaza,Da,Da,0,0,2,0,1,2,,,,,,,,
200,43.84807264,18.359999,Magistralna cesta,11/08/2022,08:50:00,Vedro,Dan,Suh,0,0,1,Udar u zadnji dio vozila,Urbano,Sa dvije kolovozne trake,Pravac,Ne,Bez raskrsnice,Bez prelaza,Da,Da,0,0,1,0,2,,,,,,,,,
201,43.84807264,18.359999,Magistralna cesta,15/08/2022,11:00:00,Kiša,Dan,Mokar,0,0,1,Udar u zadnji dio vozila,Urbano,Sa dvije kolovozne trake,Pravac,Ne,Bez raskrsnice,Bez prelaza,Da,Da,0,0,1,0,3,,,,,,,,,
202,43.8542794,18.3663725,Lokalna cesta,18/08/2022,16:00:00,Oblačno,Dan,Suh,0,0,1,Udar prednjim dijelom vozila,Urbano,Dvosmjerna cesta,Krivina,Ne,T-raskrsnica,Pješački prelaz,Da,Da,0,0,1,0,1,1,,,,,,,,
203,43.84560975,18.3552127,Lokalna cesta,27/08/2022,15:20:00,Vedro,Dan,Suh,0,0,1,Sudar prilikom skretanja,Urbano,Dvosmjerna cesta,Pravac,Ne,Četverokraka raskrsnica,Bez prelaza,Da,Da,0,0,1,0,,,,,,,,2,,
204,43.84352014,18.33224351,Magistralna cesta,04/03/2022,18:45:00,Vedro,Sumrak,Suh,0,0,2,Udar u zadnji dio vozila,Urbano,Sa dvije kolovozne trake,Pravac,Ne,Bez raskrsnice,Bez prelaza,Da,Da,0,0,2,0,3,,,,,,,,,
205,43.843786,18.334426,Magistralna cesta,20/05/2022,21:50:00,Vedro,Noć,Suh,0,0,1,Udar u zadnji dio vozila,Urbano,Sa dvije kolovozne trake,Pravac,Ne,Četverokraka raskrsnica,Bez prelaza,Da,Da,0,0,1,0,2,,,,,,,,,
206,43.843786,18.334426,Magistralna cesta,12/06/2022,20:10:00,Vedro,Noć,Suh,0,0,2,Sudar prilikom skretanja,Urbano,Sa dvije kolovozne trake,Krivina,Ne,Četverokraka raskrsnica,Bez prelaza,Da,Da,0,0,2,0,1,,,,,,,,,
207,43.84428297,18.33665926,Magistralna cesta,18/06/2022,06:25:00,Vedro,Dan,Suh,0,0,1,Udar u zadnji dio vozila,Urbano,Sa dvije kolovozne trake,Pravac,Ne,Bez raskrsnice,Bez prelaza,Da,Da,0,0,1,0,2,,,,,,,,,
208,43.84285528,18.32867817,Magistralna cesta,22/07/2022,12:00:00,Vedro,Dan,Suh,0,0,1,Udar u zadnji dio vozila,Urbano,Sa dvije kolovozne trake,Pravac,Ne,Bez raskrsnice,Bez prelaza,Da,Da,0,0,1,0,3,,,,,,,,,
209,43.843786,18.334426,Magistralna cesta,30/07/2022,12:40:00,Vedro,Dan,Suh,0,0,1,Sudar prilikom skretanja,Urbano,Sa dvije kolovozne trake,Krivina,Ne,Bez raskrsnice,Bez prelaza,Da,Da,0,0,1,0,2,,,,1,,,,,
210,43.85776872,18.391366,Lokalna cesta,17/05/2022,09:00:00,Vedro,Dan,Suh,0,0,1,Udar u zadnji dio vozila,Urbano,Dvosmjerna cesta,Krivina,Ne,Kružni tok,Bez prelaza,Da,Da,0,0,1,0,2,,,,,,,,,
211,43.85626845,18.39183927,Lokalna cesta,28/05/2022,14:00:00,Vedro,Dan,Suh,0,0,3,Udar u zadnji dio vozila,Urbano,Dvosmjerna cesta,Pravac,Ne,Bez raskrsnice,Bez prelaza,Da,Da,0,0,3,0,2,,,,,,,,,
212,43.85086272,18.36645863,Lokalna cesta,28/05/2022,15:00:00,Vedro,Dan,Suh,0,0,1,Udar prednjim dijelom vozila,Urbano,Dvosmjerna cesta,Krivina,Ne,Kružni tok,Bez prelaza,Ne,Da,0,0,1,0,2,,,,,,,,,
213,43.858196,18.383011,Lokalna cesta,02/06/2022,06:20:00,Vedro,Dan,Suh,0,0,3,Udar u zadnji dio vozila,Urbano,Dvosmjerna cesta,Pravac,Ne,Bez raskrsnice,Bez prelaza,Da,Da,0,0,3,0,2,,,,,,,,,
214,43.8479345,18.40156504,Magistralna cesta,29/06/2022,21:05:00,Vedro,Noć,Suh,0,0,2,Sudar prilikom preticanja,Urbano,Dvosmjerna cesta,Krivina,Ne,Bez raskrsnice,Bez prelaza,Da,Da,0,0,2,0,2,,,,,,,,,
215,43.855309,18.37375,Lokalna cesta,12/07/2022,16:20:00,Vedro,Dan,Suh,0,0,1,Udar u zadnji dio vozila,Urbano,Dvosmjerna cesta,Pravac,Ne,Bez raskrsnice,Bez prelaza,Da,Da,0,0,1,0,2,,,,,,,,,
216,43.85207922,18.38306963,Magistralna cesta,13/07/2022,13:40:00,Vedro,Dan,Suh,0,0,2,Udar u zadnji dio vozila,Urbano,Sa dvije kolovozne trake,Pravac,Ne,Bez raskrsnice,Bez prelaza,Da,Da,0,0,2,0,2,,,,,,,,,
217,43.85360925,18.392705,Lokalna cesta,14/07/2022,15:15:00,Vedro,Dan,Suh,0,1,0,Udar prednjim dijelom vozila,Urbano,Dvosmjerna cesta,Pravac,Ne,Bez raskrsnice,Bez prelaza,Da,Da,0,0,1,0,2,,,,,,,,,
218,43.859504,18.389688,Lokalna cesta,19/07/2022,15:30:00,Vedro,Dan,Suh,0,0,2,Sudar prilikom skretanja,Urbano,Dvosmjerna cesta,Pravac,Ne,Bez raskrsnice,Bez prelaza,Da,Da,0,0,2,0,2,,,,,,,,,
219,43.847596,18.381519,Magistralna cesta,21/07/2022,14:00:00,Vedro,Dan,Suh,0,0,1,Udar prednjim dijelom vozila,Urbano,Dvosmjerna cesta,Pravac,Ne,Bez raskrsnice,Bez prelaza,Da,Da,0,0,1,0,2,,,,,,,,,
220,43.849836,18.371944,Magistralna cesta,22/07/2022,16:00:00,Vedro,Dan,Suh,0,0,1,Udar prednjim dijelom vozila,Urbano,Sa dvije kolovozne trake,Pravac,Ne,Bez raskrsnice,Bez prelaza,Da,Da,0,0,1,0,2,,,,,,,,,
221,43.850589,18.37238,Magistralna cesta,23/07/2022,15:30:00,Vedro,Dan,Suh,0,0,1,Udar prednjim dijelom vozila,Urbano,Sa dvije kolovozne trake,Pravac,Ne,Bez raskrsnice,Bez prelaza,Da,Da,0,0,1,0,1,1,,,,,,,,
222,43.852237,18.38387,Magistralna cesta,04/08/2022,18:30:00,Vedro,Sumrak,Suh,0,0,1,Udar prednjim dijelom vozila,Urbano,Sa dvije kolovozne trake,Pravac,Ne,Bez raskrsnice,Bez prelaza,Da,Da,0,0,1,0,2,,,,,,,,,
223,43.82591,18.35025,Lokalna cesta,13/09/2022,18:50:00,Oblačno,Dan,Suh,0,0,1,Izlijetanje izvan kolovoza,Urbano,Dvosmjerna cesta,Pravac,Ne,Četverokraka raskrsnica,Pješački prelaz,Da,Ne,0,0,1,0,1,,,,,,,,,
224,43.83272,18.34452,Lokalna cesta,28/09/2022,12:05:00,Oblačno,Dan,Suh,0,0,1,Udar prednjim dijelom vozila,Urbano,Dvosmjerna cesta,Pravac,Ne,Bez raskrsnice,Bez prelaza,Ne,Ne,0,0,1,0,1,,,,,,,1,,
225,43.82257,18.33481,Lokalna cesta,06/10/2022,19:15:00,Vedro,Noć,Suh,0,0,1,Udar prednjim dijelom vozila,Urbano,Dvosmjerna cesta,Pravac,Ne,Trokraka raskrsnica,Pješački prelaz,Da,Da,0,0,1,0,3,,,,,,,,,
226,43.82257,18.32759,Lokalna cesta,20/10/2022,10:25:00,Vedro,Dan,Suh,0,0,3,Izlijetanje izvan kolovoza,Urbano,Dvosmjerna cesta,Pravac,Ne,Trokraka raskrsnica,Pješački prelaz,Da,Ne,0,0,3,0,1,,,,,1,,,,
227,43.84516,18.34127,Lokalna cesta,18/11/2022,22:00:00,Kiša,Noć,Mokar,0,0,1,Izlijetanje izvan kolovoza,Urbano,Jednosmjerna cesta,Pravac,Ne,Četverokraka raskrsnica,Pješački prelaz,Da,Da,0,0,1,0,1,,,,,,,1,,
228,43.82928,18.34531,Lokalna cesta,22/11/2022,07:50:00,Kiša,Dan,Mokar,0,0,1,Izlijetanje izvan kolovoza,Urbano,Jednosmjerna cesta,Pravac,Ne,Bez raskrsnice,Bez prelaza,Ne,Ne,0,0,1,0,1,,,,,,,,,
229,43.83568,18.34283,Lokalna cesta,30/11/2022,17:15:00,Kiša,Dan,Mokar,0,0,1,Izlijetanje izvan kolovoza,Urbano,Dvosmjerna cesta,Pravac,Ne,Četverokraka raskrsnica,Pješački prelaz,Da,Da,0,0,1,0,1,,,,,,,,,
230,43.83062,18.34993,Lokalna cesta,19/12/2022,09:20:00,Vedro,Dan,Suh,0,0,1,Udar u zadnji dio vozila,Urbano,Dvosmjerna cesta,Pravac,Ne,Bez raskrsnice,Bez prelaza,Ne,Ne,0,0,1,0,,,,,,1,,,,
231,43.83166,18.34349,Lokalna cesta,24/12/2022,22:10:00,Magla,Noć,Mokar,0,0,1,Sudar prilikom skretanja,Urbano,Dvosmjerna cesta,Pravac,Ne,Bez raskrsnice,Bez prelaza,Ne,Da,0,0,1,0,2,,,,,,,,,
232,43.83166,18.33639,Lokalna cesta,04/01/2023,18:40:00,Vedro,Noć,Suh,0,0,1,Izlijetanje izvan kolovoza,Urbano,Dvosmjerna cesta,Pravac,Ne,Trokraka raskrsnica,Pješački prelaz,Da,Da,0,0,1,0,2,,,,,,,,,
233,43.82882,18.33464,Lokalna cesta,05/01/2023,22:10:00,Vedro,Noć,Suh,0,1,2,Udar prednjim dijelom vozila,Urbano,Dvosmjerna cesta,Pravac,Ne,Trokraka raskrsnica,Pješački prelaz,Ne,Da,0,0,3,0,1,,,,,,,,,
234,43.83173,18.33669,Lokalna cesta,07/01/2023,15:10:00,Vedro,Dan,Suh,0,0,1,Sudar prilikom skretanja,Urbano,Dvosmjerna cesta,Pravac,Ne,Trokraka raskrsnica,Pješački prelaz,Ne,Ne,0,0,1,0,1,,,,,,,,,
235,43.83995,18.3386,Lokalna cesta,12/01/2023,16:05:00,Vedro,Dan,Suh,0,0,1,Sudar prilikom skretanja,Urbano,Dvosmjerna cesta,Pravac,Ne,Trokraka raskrsnica,Pješački prelaz,Ne,Ne,0,0,1,0,3,,,,,,,,,
236,43.82379,18.34752,Lokalna cesta,19/01/2023,19:00:00,Vedro,Noć,Suh,0,0,1,Sudar prilikom skretanja,Urbano,Dvosmjerna cesta,Pravac,Ne,Bez raskrsnice,Bez prelaza,Ne,Da,0,0,1,0,2,,,,,,,,,
237,43.83464,18.32851,Lokalna cesta,01/02/2023,18:00:00,Oblačno,Noć,Suh,0,0,2,Udar prednjim dijelom vozila,Urbano,Dvosmjerna cesta,Pravac,Ne,Trokraka raskrsnica,Bez prelaza,Ne,Da,0,0,2,0,3,,,,,,,,,
238,43.83075,18.35119,Lokalna cesta,06/02/2023,20:35:00,Oblačno,Noć,Suh,0,0,1,Udar prednjim dijelom vozila,Urbano,Jednosmjerna cesta,Pravac,Ne,Bez raskrsnice,Bez prelaza,Ne,Da,0,0,1,0,1,,,,,,,,,
239,43.8344,18.34263,Lokalna cesta,21/03/2023,19:35:00,Vedro,Noć,Suh,0,0,1,Sudar prilikom skretanja,Urbano,Dvosmjerna cesta,Pravac,Ne,Bez raskrsnice,Bez prelaza,Ne,Da,0,0,1,0,2,,,,,,,,,
240,43.83017,18.35645,Lokalna cesta,06/04/2023,09:45:00,Oblačno,Dan,Suh,0,0,1,Sudar prilikom preticanja,Urbano,Jednosmjerna cesta,Pravac,Ne,Trokraka raskrsnica,Pješački prelaz,Da,Ne,0,0,1,0,2,,,,,,,,,
241,43.82714,18.33998,Lokalna cesta,10/04/2023,11:05:00,Kiša,Dan,Mokar,0,0,1,Sudar prilikom skretanja,Urbano,Dvosmjerna cesta,Pravac,Ne,Četverokraka raskrsnica,Pješački prelaz,Da,Ne,0,0,1,0,1,,,,,1,,,,
242,43.836214,18.344824,Lokalna cesta,26/04/2023,17:20:00,Vedro,Dan,Suh,0,0,2,Sudar prilikom skretanja,Urbano,Dvosmjerna cesta,Pravac,Ne,Bez raskrsnice,Bez prelaza,Ne,Ne,0,0,2,0,2,,,,,,,,,
243,43.82844,18.34651,Lokalna cesta,12/05/2023,11:50:00,Oblačno,Dan,Suh,0,0,1,Udar u zadnji dio vozila,Urbano,Dvosmjerna cesta,Pravac,Ne,Bez raskrsnice,Bez prelaza,Ne,Ne,0,0,1,0,,,,,,1,,,,
244,43.83568,18.3423,Lokalna cesta,07/06/2023,07:10:00,Vedro,Dan,Suh,0,0,1,Sudar prilikom preticanja,Urbano,Dvosmjerna cesta,Pravac,Ne,Četverokraka raskrsnica,Pješački prelaz,Da,Ne,0,0,1,0,2,,,,,,,,,
245,43.82914,18.35006,Lokalna cesta,20/06/2023,09:00:00,Vedro,Dan,Suh,0,0,1,Sudar prilikom skretanja,Urbano,Jednosmjerna cesta,Pravac,Ne,Bez raskrsnice,Bez prelaza,Ne,Ne,0,0,1,0,2,,,,,,,,,
246,43.8358,18.34255,Lokalna cesta,14/08/2023,14:00:00,Vedro,Dan,Suh,0,0,1,Sudar prilikom skretanja,Urbano,Dvosmjerna cesta,Pravac,Ne,Bez raskrsnice,Bez prelaza,Ne,Ne,0,0,1,0,2,,,,,,,,,
247,43.82921,18.34255,Lokalna cesta,05/09/2023,08:50:00,Oblačno,Dan,Suh,0,0,1,Udar prednjim dijelom vozila,Urbano,Dvosmjerna cesta,Pravac,Ne,Bez raskrsnice,Bez prelaza,Ne,Ne,0,0,1,0,2,,,,,,,,,
248,43.83146,18.35072,Lokalna cesta,12/09/2023,15:10:00,Vedro,Dan,Suh,0,0,1,Udar prednjim dijelom vozila,Urbano,Jednosmjerna cesta,Pravac,Ne,Bez raskrsnice,Bez prelaza,Ne,Ne,0,0,1,0,1,,,,,1,,,,
249,43.82654,18.33981,Lokalna cesta,18/09/2023,19:25:00,Oblačno,Dan,Suh,0,0,1,Udar prednjim dijelom vozila,Urbano,Dvosmjerna cesta,Pravac,Ne,Bez raskrsnice,Bez prelaza,Ne,Da,0,0,1,0,2,,,,,,,,,
250,43.84357,18.33974,Lokalna cesta,20/09/2023,08:40:00,Vedro,Dan,Suh,0,0,1,Sudar vozila i bicikla,Urbano,Dvosmjerna cesta,Pravac,Ne,Bez raskrsnice,Bez prelaza,Ne,Ne,0,0,1,0,1,,,1,,,,,,
251,43.82958,18.34117,Lokalna cesta,11/10/2023,13:00:00,Vedro,Dan,Suh,0,0,1,Sudar prilikom skretanja,Urbano,Dvosmjerna cesta,Pravac,Ne,Četverokraka raskrsnica,Pješački prelaz,Da,Ne,0,0,1,0,2,,,,,,,,,
252,43.82966,18.34109,Lokalna cesta,13/10/2023,07:40:00,Vedro,Dan,Suh,0,0,1,Sudar prilikom preticanja,Urbano,Dvosmjerna cesta,Pravac,Ne,Četverokraka raskrsnica,Pješački prelaz,Da,Ne,0,0,1,0,2,,,,,,,,,
253,43.82693,18.33875,Lokalna cesta,17/10/2023,07:15:00,Oblačno,Dan,Suh,0,0,1,Udar prednjim dijelom vozila,Urbano,Dvosmjerna cesta,Pravac,Ne,Četverokraka raskrsnica,Pješački prelaz,Da,Ne,0,0,1,0,2,,,,,,,,,
254,43.84188,18.33869,Lokalna cesta,03/11/2023,00:05:00,Kiša,Noć,Mokar,0,0,1,Udar prednjim dijelom vozila,Urbano,Dvosmjerna cesta,Pravac,Ne,Trokraka raskrsnica,Pješački prelaz,Da,Da,0,0,1,0,2,,,,,,,,,
255,43.82921,18.34688,Lokalna cesta,10/11/2023,10:15:00,Oblačno,Dan,Suh,0,0,1,Udar u zadnji dio vozila,Urbano,Jednosmjerna cesta,Pravac,Ne,Bez raskrsnice,Bez prelaza,Ne,Ne,0,0,1,0,,,,,,1,,,,
256,43.83511,18.32875,Lokalna cesta,13/11/2023,20:55:00,Vedro,Noć,Suh,0,0,1,Udar prednjim dijelom vozila,Urbano,Dvosmjerna cesta,Pravac,Ne,Bez raskrsnice,Bez prelaza,Ne,Da,0,0,1,0,2,,,,,,,,,
257,43.823081,18.349443,Lokalna cesta,24/11/2023,18:00:00,Kiša,Noć,Mokar,0,0,1,Izlijetanje izvan kolovoza,Urbano,Dvosmjerna cesta,Pravac,Ne,Trokraka raskrsnica,Pješački prelaz,Da,Da,0,0,1,0,1,,,,,,,,,
258,43.82884,18.35797,Lokalna cesta,15/12/2023,16:00:00,Vedro,Dan,Suh,0,0,1,Izlijetanje izvan kolovoza,Urbano,Dvosmjerna cesta,Pravac,Ne,Bez raskrsnice,Bez prelaza,Ne,Ne,0,0,1,0,1,,,,,,,,,
259,43.83606,18.34408,Lokalna cesta,03/01/2024,20:00:00,Oblačno,Noć,Suh,0,0,2,Sudar prilikom skretanja,Urbano,Jednosmjerna cesta,Pravac,Ne,Četverokraka raskrsnica,Pješački prelaz,Da,Da,0,0,2,0,2,,,,,,,,,
260,43.84037,18.33794,Lokalna cesta,22/01/2024,14:00:00,Vedro,Dan,Suh,0,0,1,Izlijetanje izvan kolovoza,Urbano,Dvosmjerna cesta,Pravac,Ne,Bez raskrsnice,Bez prelaza,Ne,Ne,0,0,1,0,1,,,,,,,,,
261,43.83424,18.32859,Lokalna cesta,23/02/2024,13:15:00,Vedro,Dan,Suh,0,0,1,Udar prednjim dijelom vozila,Urbano,Dvosmjerna cesta,Pravac,Ne,Bez raskrsnice,Bez prelaza,Ne,Ne,0,0,1,0,3,,,,,,,,,
262,43.835673,18.335337,Lokalna cesta,27/02/2024,17:30:00,Vedro,Noć,Suh,0,0,1,Udar u zadnji dio vozila,Urbano,Dvosmjerna cesta,Pravac,Ne,Bez raskrsnice,Bez prelaza,Ne,Da,0,0,1,0,1,,,,,,,,,
263,43.82875,18.33448,Lokalna cesta,14/03/2024,19:50:00,Vedro,Noć,Suh,0,0,1,Sudar prilikom preticanja,Urbano,Dvosmjerna cesta,Pravac,Ne,Trokraka raskrsnica,Pješački prelaz,Da,Da,0,0,1,0,3,,,,,,,,,
264,43.8335,18.33742,Lokalna cesta,18/03/2024,19:50:00,Kiša,Noć,Mokar,0,0,1,Izlijetanje izvan kolovoza,Urbano,Dvosmjerna cesta,Pravac,Ne,Bez raskrsnice,Bez prelaza,Ne,Da,0,0,1,0,1,,,,,,,,,
265,43.83719,18.33347,Lokalna cesta,26/03/2024,11:15:00,Vedro,Dan,Suh,0,0,1,Sudar prilikom preticanja,Urbano,Dvosmjerna cesta,Pravac,Ne,Bez raskrsnice,Bez prelaza,Ne,Ne,0,0,1,0,1,,,,,1,,,,
266,43.82976,18.35734,Lokalna cesta,30/03/2024,12:10:00,Vedro,Dan,Suh,0,0,1,Udar prednjim dijelom vozila,Urbano,Jednosmjerna cesta,Pravac,Ne,Bez raskrsnice,Bez prelaza,Ne,Ne,0,0,1,0,2,,,,,,,,,
267,43.834057,18.339299,Lokalna cesta,13/04/2024,15:55:00,Vedro,Dan,Suh,0,0,1,Udar prednjim dijelom vozila,Urbano,Dvosmjerna cesta,Pravac,Ne,Trokraka raskrsnica,Pješački prelaz,Da,Ne,0,0,1,0,2,,,,,,,,,
268,43.82624,18.34873,Lokalna cesta,28/04/2024,20:10:00,Vedro,Dan,Suh,0,0,1,Sudar vozila i bicikla,Urbano,Dvosmjerna cesta,Pravac,Ne,Bez raskrsnice,Bez prelaza,Ne,Da,0,0,1,0,1,,,1,,,,,,
269,43.82669,18.34811,Lokalna cesta,10/05/2024,17:00:00,Vedro,Dan,Suh,0,0,1,Sudar prilikom preticanja,Urbano,Dvosmjerna cesta,Pravac,Ne,Trokraka raskrsnica,Pješački prelaz,Da,Ne,0,0,1,0,2,,,,,,,,,
270,43.84488,18.33891,Lokalna cesta,07/06/2024,20:45:00,Vedro,Dan,Suh,0,0,1,Udar prednjim dijelom vozila,Urbano,Jednosmjerna cesta,Pravac,Ne,Četverokraka raskrsnica,Pješački prelaz,Da,Da,0,0,1,0,3,,,,,,,,,
271,43.83079,18.35118,Lokalna cesta,18/06/2024,16:20:00,Vedro,Dan,Suh,0,0,1,Udar prednjim dijelom vozila,Urbano,Jednosmjerna cesta,Pravac,Ne,Četverokraka raskrsnica,Pješački prelaz,Da,Ne,0,0,1,0,2,,,,,,,,,
272,43.82639,18.34883,Lokalna cesta,22/06/2024,20:30:00,Vedro,Dan,Suh,0,0,1,Izlijetanje izvan kolovoza,Urbano,Dvosmjerna cesta,Pravac,Ne,Četverokraka raskrsnica,Pješački prelaz,Da,Da,0,0,1,0,1,,,,,,,,,
273,43.83341,18.3424,Lokalna cesta,28/06/2024,14:25:00,Vedro,Dan,Suh,0,0,3,Udar prednjim dijelom vozila,Urbano,Dvosmjerna cesta,Pravac,Ne,Bez raskrsnice,Bez prelaza,Ne,Ne,0,0,3,0,2,,,,,,,,,
274,43.83341,18.34586,Lokalna cesta,16/07/2024,09:55:00,Vedro,Dan,Suh,0,0,3,Udar prednjim dijelom vozila,Urbano,Dvosmjerna cesta,Pravac,Ne,Bez raskrsnice,Bez prelaza,Ne,Da,0,0,3,0,1,,,,,1,,,,
275,43.84163,18.34182,Lokalna cesta,07/08/2024,12:00:00,Vedro,Dan,Suh,0,0,1,Udar prednjim dijelom vozila,Urbano,Jednosmjerna cesta,Pravac,Ne,Bez raskrsnice,Bez prelaza,Ne,Ne,0,0,1,0,2,,,,,,,,,
276,43.835122,18.328576,Lokalna cesta,07/08/2024,14:00:00,Vedro,Dan,Suh,0,0,1,Izlijetanje izvan kolovoza,Urbano,Dvosmjerna cesta,Pravac,Ne,Bez raskrsnice,Bez prelaza,Ne,Ne,0,0,1,0,1,,,,,,,,,
277,43.83557,18.33481,Lokalna cesta,08/08/2024,17:40:00,Vedro,Dan,Suh,0,0,1,Izlijetanje izvan kolovoza,Urbano,Dvosmjerna cesta,Pravac,Ne,Bez raskrsnice,Bez prelaza,Ne,Ne,0,0,1,0,1,,,,,,,,,
278,43.844142,18.341358,Lokalna cesta,15/08/2024,00:01:00,Vedro,Noć,Suh,0,0,1,Izlijetanje izvan kolovoza,Urbano,Jednosmjerna cesta,Pravac,Ne,Četverokraka raskrsnica,Pješački prelaz,Da,Da,0,0,1,0,1,,,,,,,,,
279,43.82891,18.34998,Lokalna cesta,23/08/2024,12:30:00,Vedro,Dan,Suh,0,0,3,Izlijetanje izvan kolovoza,Urbano,Dvosmjerna cesta,Pravac,Ne,Četverokraka raskrsnica,Pješački prelaz,Da,Ne,0,0,3,0,1,,,,,,,,,
280,43.82705,18.3389,Lokalna cesta,24/09/2024,13:00:00,Vedro,Dan,Suh,0,0,1,Udar prednjim dijelom vozila,Urbano,Dvosmjerna cesta,Pravac,Ne,Četverokraka raskrsnica,Pješački prelaz,Da,Ne,0,0,1,0,3,,,,,,,,,
281,43.82745,18.34884,Lokalna cesta,29/09/2024,14:40:00,Vedro,Dan,Suh,0,0,1,Udar prednjim dijelom vozila,Urbano,Jednosmjerna cesta,Pravac,Ne,Četverokraka raskrsnica,Pješački prelaz,Da,Ne,0,0,1,0,2,,,,,,,,,
282,43.83025,18.35653,Lokalna cesta,10/10/2024,13:30:00,Vedro,Dan,Suh,0,0,1,Udar prednjim dijelom vozila,Urbano,Jednosmjerna cesta,Pravac,Ne,Četverokraka raskrsnica,Pješački prelaz,Da,Ne,0,0,1,0,2,,,,,,,,,
283,43.83455,18.32855,Lokalna cesta,15/10/2024,17:20:00,Vedro,Dan,Suh,0,0,1,Sudar vozila i motocikla,Urbano,Dvosmjerna cesta,Pravac,Ne,Bez raskrsnice,Bez prelaza,Ne,Ne,0,0,1,0,1,,,,1,,,,,
284,43.8453,18.34057,Lokalna cesta,20/10/2024,10:40:00,Vedro,Dan,Suh,0,0,1,Udar prednjim dijelom vozila,Urbano,Jednosmjerna cesta,Pravac,Ne,Četverokraka raskrsnica,Pješački prelaz,Da,Ne,0,0,1,0,2,,,,,,,,,
285,43.84461,18.34066,Lokalna cesta,06/11/2024,20:30:00,Vedro,Noć,Suh,0,0,1,Izlijetanje izvan kolovoza,Urbano,Jednosmjerna cesta,Pravac,Ne,Četverokraka raskrsnica,Pješački prelaz,Da,Da,0,0,1,0,1,,,,,,,,,
286,43.83069,18.35491,Lokalna cesta,14/11/2024,16:05:00,Oblačno,Noć,Suh,0,0,1,Udar prednjim dijelom vozila,Urbano,Jednosmjerna cesta,Pravac,Ne,Bez raskrsnice,Bez prelaza,Ne,Ne,0,0,1,0,2,,,,,,,,,
287,43.83541,18.33946,Lokalna cesta,23/12/2024,22:30:00,Sa snijegom,Noć,Mokar,0,0,1,Udar prednjim dijelom vozila,Urbano,Dvosmjerna cesta,Pravac,Ne,Bez raskrsnice,Bez prelaza,Ne,Da,0,0,1,0,2,,,,,,,,,
288,43.89916,18.3577,Magistralna cesta,02/10/2022,14:30:00,Vedro,Dan,Suh,0,0,1,Udar prednjim dijelom vozila,Urbano,Dvosmjerna cesta,Pravac,Ne,Bez raskrsnice,Bez prelaza,Ne,Ne,0,0,1,0,2,,,,,,,,,
289,44.03406,18.45155,Magistralna cesta,24/12/2022,14:40:00,Kiša,Dan,Mokar,0,0,1,Udar prednjim dijelom vozila,Ruralno,Dvosmjerna cesta,Krivina,Ne,Bez raskrsnice,Bez prelaza,Ne,Ne,0,0,1,0,2,,,,,,,,,
290,43.8652,18.40403,Lokalna cesta,18/01/2023,12:25:00,Kiša,Dan,Mokar,0,0,1,Udar u pješaka,Urbano,Dvosmjerna cesta,Pravac,Ne,Bez raskrsnice,Bez prelaza,Ne,Ne,0,0,1,0,1,1,,,,,,,,
291,43.89818,18.32228,Magistralna cesta,19/01/2023,22:05:00,Oblačno,Noć,Mokar,0,0,2,Udar prednjim dijelom vozila,Ruralno,Jednosmjerna cesta,Krivina,Da,Bez raskrsnice,Bez prelaza,Ne,Da,0,0,2,0,2,,,,,,,,,
292,43.85465,18.41185,Lokalna cesta,10/03/2023,11:10:00,Oblačno,Dan,Mokar,0,0,1,Udar prednjim dijelom vozila,Urbano,Dvosmjerna cesta,Pravac,Ne,Bez raskrsnice,Bez prelaza,Ne,Da,0,0,1,0,1,,,,,,1,,,
293,43.89726,18.3681,Magistralna cesta,03/05/2023,16:20:00,Kiša,Dan,Mokar,0,0,1,Udar prednjim dijelom vozila,Urbano,Dvosmjerna cesta,Krivina,Da,Bez raskrsnice,Bez prelaza,Ne,Da,0,0,1,0,3,,,,,,,,,
294,43.89726,18.3681,Lokalna cesta,22/05/2023,07:55:00,Vedro,Dan,Suh,0,0,1,Sudar prilikom preticanja,Urbano,Jednosmjerna cesta,Pravac,Ne,Bez raskrsnice,Bez prelaza,Ne,Da,0,0,1,0,3,,,,,,,,,
295,43.8547915,18.3848007,Lokalna cesta,10/09/2023,00:25:00,Vedro,Noć,Suh,0,0,2,Izlijetanje izvan kolovoza,Urbano,Jednosmjerna cesta,Pravac,Ne,Bez raskrsnice,Bez prelaza,Ne,Da,0,0,2,0,1,,,,,,,,,
296,43.85792,18.42884,Lokalna cesta,07/11/2023,12:00:00,Vedro,Dan,Suh,0,0,2,Udar u pješaka,Urbano,Jednosmjerna cesta,Krivina,Ne,Bez raskrsnice,Pješački prelaz,Ne,Da,0,0,2,0,1,1,,,,,,,,
297,43.88232,18.30304,Lokalna cesta,12/03/2024,07:45:00,Kiša,Dan,Mokar,0,0,1,Sudar prilikom skretanja,Urbano,Dvosmjerna cesta,Pravac,Ne,Bez raskrsnice,Bez prelaza,Ne,Da,0,0,1,0,2,,,,,,,,,
298,43.8523718782522,18.3391869850679,Lokalna cesta,28/03/2024,19:20:00,Vedro,Noć,Suh,0,0,1,Izlijetanje izvan kolovoza,Urbano,Jednosmjerna cesta,Pravac,Ne,Četverokraka raskrsnica,Pješački prelaz,Ne,Da,0,0,1,0,1,,,,,,,,,
299,43.85332,18.38952,Lokalna cesta,15/04/2024,21:00:00,Vedro,Noć,Suh,0,0,1,Sudar prilikom skretanja,Urbano,Jednosmjerna cesta,Pravac,Ne,T-raskrsnica,Pješački prelaz,Da,Da,0,0,1,0,2,,,,,,,,,
300,43.84926,18.36688,Lokalna cesta,17/04/2024,21:15:00,Vedro,Noć,Mokar,0,0,1,Sudar prilikom skretanja,Urbano,Jednosmjerna cesta,Pravac,Ne,Četverokraka raskrsnica,Pješački prelaz,Da,Da,0,0,1,0,2,,,,,,,,,
301,43.8476,18.3564,Lokalna cesta,07/07/2024,01:40:00,Vedro,Noć,Suh,0,0,1,Izlijetanje izvan kolovoza,Urbano,Dvosmjerna cesta,Pravac,Ne,Bez raskrsnice,Bez prelaza,Ne,Da,0,0,1,0,1,,,,,,,,,
302,43.87912,18.37912,Lokalna cesta,20/08/2024,01:30:00,Kiša,Noć,Mokar,0,0,1,Sudar prilikom skretanja,Urbano,Dvosmjerna cesta,Pravac,Da,Bez raskrsnice,Bez prelaza,Ne,Da,0,0,1,0,2,,,,,,,,,
303,43.8527,18.38639,Lokalna cesta,20/09/2024,15:05:00,Vedro,Dan,Suh,0,0,2,Sudar prilikom preticanja,Urbano,Jednosmjerna cesta,Pravac,Ne,Bez raskrsnice,Bez prelaza,Ne,Da,0,0,2,0,3,,,,,,,,,
304,43.92256,18.31092,Lokalna cesta,05/10/2024,19:00:00,Kiša,Noć,Mokar,0,0,1,Sudar prilikom skretanja,Urbano,Dvosmjerna cesta,Krivina,Da,Bez raskrsnice,Bez prelaza,Ne,Da,0,0,1,0,2,,,,,,,,,
305,43.92269,18.31084,Lokalna cesta,06/10/2024,07:30:00,Kiša,Zora,Mokar,0,0,1,Sudar prilikom skretanja,Urbano,Dvosmjerna cesta,Krivina,Da,Bez raskrsnice,Bez prelaza,Ne,Da,0,0,1,0,2,,,,,,,,,
306,43.87396,18.419261,Lokalna cesta,01/01/2024,21:50:00,Vedro,Noć,Suh,0,0,1,Udar u pješaka,Urbano,Dvosmjerna cesta,Pravac,Ne,Bez raskrsnice,Bez prelaza,Ne,Da,0,0,1,0,1,2,,,,,,,,
307,43.851622,18.298177,Lokalna cesta,05/01/2024,14:30:00,Vedro,Dan,Suh,0,0,1,Udar u pješaka,Urbano,Dvosmjerna cesta,Pravac,Ne,Bez raskrsnice,Bez prelaza,Da,Da,0,0,1,0,1,1,,,,,,,,
308,43.848432,18.380042,Lokalna cesta,07/01/2024,20:45:00,Kiša,Noć,Mokar,0,1,1,Sudar prilikom skretanja,Urbano,Dvosmjerna cesta,Pravac,Ne,T-raskrsnica,Pješački prelaz,Da,Da,0,0,2,0,2,,,,,,,,,
309,43.851361,18.401982,Lokalna cesta,09/01/2024,10:50:00,Vedro,Dan,Suh,0,0,1,Udar u pješaka,Urbano,Dvosmjerna cesta,Pravac,Ne,Četverokraka raskrsnica,Pješački prelaz,Da,Da,0,0,1,0,1,1,,,,,,,,
310,43.843076,18.278889,Lokalna cesta,13/01/2024,12:30:00,Vedro,Dan,Suh,0,0,1,Udar u pješaka,Urbano,Dvosmjerna cesta,Pravac,Ne,Bez raskrsnice,Bez prelaza,Ne,Da,0,0,1,0,1,1,,,,,,,,
311,43.947341,18.266443,Lokalna cesta,15/01/2024,17:10:00,Kiša,Dan,Mokar,0,0,3,Udar u pješaka,Urbano,Dvosmjerna cesta,Pravac,Ne,Bez raskrsnice,Pješački prelaz,Da,Da,0,0,3,0,1,1,,,,,,,,
312,43.844464,18.340911,Lokalna cesta,16/01/2024,08:20:00,Vedro,Dan,Suh,0,0,1,Udar u pješaka,Urbano,Dvosmjerna cesta,Pravac,Ne,Bez raskrsnice,Bez prelaza,Da,Da,0,0,1,0,2,1,,,,,,,,
313,43.838942,18.342791,Lokalna cesta,18/01/2024,11:15:00,Vedro,Dan,Suh,0,0,3,Udar u pješaka,Urbano,Dvosmjerna cesta,Pravac,Ne,T-raskrsnica,Pješački prelaz,Da,Da,0,0,3,0,1,1,,,,,,,,
314,43.881502,18.397795,Lokalna cesta,27/01/2024,,Vedro,Noć,Suh,0,0,2,Udar u pješaka,Urbano,Dvosmjerna cesta,Pravac,Da,Bez raskrsnice,Bez prelaza,Da,Da,0,0,2,0,1,1,,,,,,,,
315,43.85458,18.381954,Lokalna cesta,28/01/2024,12:45:00,Vedro,Dan,Suh,0,0,1,Izlijetanje izvan kolovoza,Urbano,Dvosmjerna cesta,Pravac,Ne,Bez raskrsnice,Bez prelaza,Da,Da,0,0,1,0,1,,,,,,,,,
316,43.857315,18.418278,Lokalna cesta,30/01/2024,13:20:00,Vedro,Dan,Suh,0,0,1,Udar u pješaka,Urbano,Jednosmjerna cesta,Pravac,Ne,Bez raskrsnice,Bez prelaza,Ne,Da,0,0,1,0,1,1,,,,,,,,
317,43.82947,18.207285,Lokalna cesta,07/02/2024,08:30:00,Vedro,Dan,Suh,0,0,3,Udar u pješaka,Urbano,Dvosmjerna cesta,Pravac,Ne,Kružni tok,Pješački prelaz,Da,Da,0,0,3,0,1,1,,,,,,,,
318,43.852491,18.385438,Lokalna cesta,10/02/2024,21:25:00,Vedro,Noć,Suh,0,0,1,Udar u pješaka,Urbano,Dvosmjerna cesta,Pravac,Ne,Četverokraka raskrsnica,Pješački prelaz,Da,Da,0,0,1,0,1,1,,,,,,,,
319,43.859283,18.41477,Lokalna cesta,11/02/2024,18:10:00,Vedro,Sumrak,Suh,0,0,1,Udar u pješaka,Urbano,Dvosmjerna cesta,Pravac,Da,Trokraka raskrsnica,Bez prelaza,Da,Da,0,0,1,0,1,1,,,,,,,,
320,43.861597,18.413688,Lokalna cesta,21/02/2024,11:00:00,Vedro,Dan,Suh,0,0,1,Udar u pješaka,Urbano,Jednosmjerna cesta,Pravac,Da,Bez raskrsnice,Pješački prelaz,Da,Da,0,0,1,0,1,1,,,,,,,,
321,43.852567,18.378524,Lokalna cesta,28/02/2024,08:40:00,Vedro,Dan,Suh,0,0,4,Udar u pješaka,Urbano,Dvosmjerna cesta,Pravac,Ne,Bez raskrsnice,Bez prelaza,Da,Da,0,0,4,0,1,1,,,,,,,,
322,43.856912,18.429286,Lokalna cesta,29/02/2024,11:51:00,Vedro,Dan,Suh,0,0,2,Udar u pješaka,Urbano,Dvosmjerna cesta,Pravac,Ne,Četverokraka raskrsnica,Pješački prelaz,Da,Da,0,0,2,0,1,1,,,,,,,,
323,43.84617,18.345698,Magistralna cesta,29/02/2024,23:05:00,Vedro,Noć,Suh,0,0,1,Udar prednjim dijelom vozila,Urbano,Jednosmjerna cesta,Pravac,Ne,Bez raskrsnice,Bez prelaza,Da,Da,0,0,1,0,2,,,,,,,,,
324,43.825688,18.350527,Lokalna cesta,06/03/2024,16:05:00,Kiša,Dan,Mokar,0,0,2,Udar u pješaka,Urbano,Dvosmjerna cesta,Pravac,Ne,Četverokraka raskrsnica,Pješački prelaz,Da,Da,0,0,2,0,1,1,,,,,,,,
325,43.858917,18.4212,Lokalna cesta,07/03/2024,17:25:00,Vedro,Dan,Suh,0,0,1,Udar u pješaka,Urbano,Jednosmjerna cesta,Pravac,Ne,Bez raskrsnice,Bez prelaza,Da,Da,0,0,1,0,1,1,,,,,,,,
326,43.848401,18.380028,Magistralna cesta,13/03/2024,12:40:00,Vedro,Dan,Suh,0,0,1,Udar u pješaka,Urbano,Dvosmjerna cesta,Pravac,Ne,Bez raskrsnice,Pješački prelaz,Da,Da,0,0,1,0,1,1,,,,,,,,
327,43.852237,18.430762,Lokalna cesta,19/03/2024,07:40:00,Vedro,Dan,Suh,1,0,1,Udar prednjim dijelom vozila,Urbano,Dvosmjerna cesta,Pravac,Da,Bez raskrsnice,Pješački prelaz,Da,Da,0,0,1,1,2,,,,,,,,,
328,43.858076,18.425833,Lokalna cesta,19/03/2024,14:20:00,Vedro,Dan,Suh,0,0,1,Udar u pješaka,Urbano,Dvosmjerna cesta,Pravac,Ne,Trokraka raskrsnica,Pješački prelaz,Da,Da,0,0,1,0,1,1,,,,,,,,
329,43.856601,18.419955,Lokalna cesta,25/03/2024,14:15:00,Vedro,Dan,Suh,0,0,1,Udar u pješaka,Urbano,Jednosmjerna cesta,Pravac,Ne,Bez raskrsnice,Bez prelaza,Da,Da,0,0,1,0,1,1,,,,,,,,
330,43.864947,18.2162,Regionalna cesta,31/03/2024,21:50:00,Vedro,Noć,Suh,0,0,1,Sudar prilikom preticanja,Urbano,Dvosmjerna cesta,Pravac,Ne,Bez raskrsnice,Bez prelaza,Da,Da,0,0,1,0,3,,,,,,,,,
331,43.856977,18.429588,Lokalna cesta,06/04/2024,10:40:00,Vedro,Dan,Suh,0,0,1,Udar u pješaka,Urbano,Dvosmjerna cesta,Pravac,Ne,Trokraka raskrsnica,Pješački prelaz,Da,Da,0,0,1,0,1,1,,,,,,,,
332,43.855457,18.420671,Lokalna cesta,10/04/2024,06:45:00,Vedro,Dan,Suh,0,0,2,Udar u pješaka,Urbano,Jednosmjerna cesta,Pravac,Ne,Bez raskrsnice,Pješački prelaz,Da,Da,0,0,2,0,1,1,,,,,,,,
333,43.852,18.302529,Lokalna cesta,18/04/2024,11:45:00,Vedro,Dan,Suh,0,0,2,Udar u pješaka,Urbano,Dvosmjerna cesta,Pravac,Ne,Bez raskrsnice,Pješački prelaz,Da,Da,0,0,2,0,1,1,,,,,,,,
334,43.833387,18.300176,Lokalna cesta,22/04/2024,13:50:00,Vedro,Dan,Suh,0,0,2,Sudar vozila i bicikla,Urbano,Dvosmjerna cesta,Pravac,Ne,Bez raskrsnice,Bez prelaza,Ne,Da,0,0,2,0,1,,,1,,,,,,
335,43.844517,18.33488,Lokalna cesta,29/04/2024,11:50:00,Vedro,Dan,Suh,0,0,2,Udar u pješaka,Urbano,Dvosmjerna cesta,Pravac,Ne,Bez raskrsnice,Bez prelaza,Ne,Da,0,0,2,0,1,1,,,,,,,,
336,43.831976,18.306411,Lokalna cesta,29/04/2024,13:15:00,Vedro,Dan,Suh,0,0,1,Udar u pješaka,Urbano,Dvosmjerna cesta,Pravac,Ne,Bez raskrsnice,Bez prelaza,Ne,Da,0,0,1,0,1,1,,,,,,,,
337,43.77056,18.2487953,Lokalna cesta,01/05/2024,16:30:00,Vedro,Dan,Suh,0,0,2,Sudar prilikom preticanja,Urbano,Dvosmjerna cesta,Pravac,Ne,Bez raskrsnice,Bez prelaza,Da,Da,0,0,2,0,2,,,,,,,,,
338,43.847392,18.314777,Lokalna cesta,06/05/2024,17:44:00,Vedro,Dan,Suh,1,0,3,Udar u pješaka,Urbano,Dvosmjerna cesta,Pravac,Ne,Bez raskrsnice,Bez prelaza,Ne,Da,0,0,3,1,1,1,,,,,,,,
339,43.833538,18.299776,Lokalna cesta,14/05/2024,17:50:00,Kiša,Dan,Mokar,0,0,3,Udar u pješaka,Urbano,Jednosmjerna cesta,Pravac,Ne,Bez raskrsnice,Bez prelaza,Da,Da,0,0,3,0,2,1,,,,,,,,
340,43.858861,18.419753,Lokalna cesta,15/05/2024,12:45:00,Vedro,Dan,Suh,0,0,2,Udar u pješaka,Urbano,Jednosmjerna cesta,Pravac,Ne,Bez raskrsnice,Bez prelaza,Da,Da,0,0,2,0,1,1,,,,,,,,
341,43.868961,18.423638,Lokalna cesta,16/05/2024,17:00:00,Vedro,Dan,Suh,0,0,1,Udar u pješaka,Urbano,Dvosmjerna cesta,Pravac,Da,Bez raskrsnice,Bez prelaza,Da,Da,0,0,1,0,,1,,1,,,,,,
342,43.87445,18.412187,Lokalna cesta,22/05/2024,14:00:00,Vedro,Dan,Suh,0,0,1,Udar u pješaka,Urbano,Dvosmjerna cesta,Pravac,Ne,Bez raskrsnice,Pješački prelaz,Da,Da,0,0,1,0,1,1,,,,,,,,
343,43.868679,18.318768,Lokalna cesta,23/05/2024,20:00:00,Vedro,Noć,Suh,0,0,1,Udar u pješaka,Urbano,Dvosmjerna cesta,Pravac,Da,Bez raskrsnice,Bez prelaza,Da,Da,0,0,1,0,2,1,,,,,,,,
344,43.858944,18.403265,Lokalna cesta,27/05/2024,19:50:00,Vedro,Noć,Suh,0,0,1,Sudar vozila i e-romobila,Urbano,Dvosmjerna cesta,Pravac,Ne,Trokraka raskrsnica,Pješački prelaz,Da,Da,0,0,1,0,1,,1,,,,,,,
345,43.838837,18.343005,Lokalna cesta,01/06/2024,10:20:00,Vedro,Dan,Suh,1,0,1,Udar u pješaka,Urbano,Dvosmjerna cesta,Pravac,Ne,Kružni tok,Bez prelaza,Ne,Da,0,0,1,1,1,1,,,,,,,,
346,43.822596,18.196225,Lokalna cesta,02/06/2024,13:50:00,Vedro,Dan,Suh,0,0,1,Udar u pješaka,Urbano,Dvosmjerna cesta,Pravac,Ne,Trokraka raskrsnica,Pješački prelaz,Da,Da,0,0,1,0,1,1,,,,,,,,
347,43.833291,18.306615,Lokalna cesta,06/06/2024,10:50:00,Vedro,Dan,Suh,0,0,1,Udar u pješaka,Urbano,Dvosmjerna cesta,Pravac,Ne,Četverokraka raskrsnica,Pješački prelaz,Da,Da,0,0,1,0,1,1,,,,,,,,
348,43.86738,18.399525,Lokalna cesta,06/06/2024,16:02:00,Vedro,Dan,Suh,0,0,2,Sudar vozila i bicikla,Urbano,Dvosmjerna cesta,Pravac,Ne,Bez raskrsnice,Bez prelaza,Da,Da,0,0,2,0,1,,,1,,,,,,
349,43.843056,18.389165,Lokalna cesta,07/06/2024,15:20:00,Vedro,Dan,Suh,0,0,2,Pad bicikla na kolovoz,Urbano,Dvosmjerna cesta,Pravac,Ne,Bez raskrsnice,Bez prelaza,Ne,Da,0,0,2,0,,,,1,,,,,,
350,43.838769,18.342976,Lokalna cesta,08/06/2024,09:30:00,Vedro,Dan,Suh,0,0,2,Sudar vozila i motocikla,Urbano,Dvosmjerna cesta,Pravac,Ne,Četverokraka raskrsnica,Pješački prelaz,Da,Da,0,0,2,0,1,,,,1,,,,,
351,43.839285,18.258251,Magistralna cesta,10/06/2024,18:00:00,Vedro,Sumrak,Suh,0,0,1,Udar u pješaka,Urbano,Jednosmjerna cesta,Pravac,Ne,Bez raskrsnice,Bez prelaza,Ne,Da,0,0,1,0,1,1,,,,,,,,
352,43.838839,18.343051,Lokalna cesta,18/06/2024,06:00:00,Vedro,Dan,Suh,0,0,1,Sudar vozila i motocikla,Urbano,Dvosmjerna cesta,Pravac,Ne,T-raskrsnica,Pješački prelaz,Da,Da,0,0,1,0,,,,,1,,1,,,
353,43.839296,18.258306,Magistralna cesta,20/06/2024,10:07:00,Vedro,Dan,Suh,0,0,2,Udar u pješaka,Urbano,Dvosmjerna cesta,Pravac,Ne,Bez raskrsnice,Bez prelaza,Ne,Da,0,0,2,0,2,4,,,,,,,,
354,43.87807,18.402232,Lokalna cesta,25/06/2024,11:38:00,Kiša,Dan,Mokar,0,0,2,Sudar vozila i motocikla,Urbano,Dvosmjerna cesta,Pravac,Da,Četverokraka raskrsnica,Pješački prelaz,Da,Da,0,0,2,0,1,,,,1,,,,,
355,43.857723,18.391461,Lokalna cesta,25/06/2024,07:13:00,Vedro,Dan,Suh,0,0,1,Izlijetanje izvan kolovoza,Urbano,Dvosmjerna cesta,Pravac,Ne,Kružni tok,Pješački prelaz,Da,Da,0,0,1,0,,,,,,,,1,,
356,43.834602,18.331188,Lokalna cesta,26/06/2024,15:50:00,Kiša,Dan,Mokar,0,0,1,Sudar vozila i e-romobila,Urbano,Dvosmjerna cesta,Pravac,Ne,Četverokraka raskrsnica,Bez prelaza,Da,Da,0,0,1,0,1,,1,,,,,,,
357,43.830844,18.291934,Lokalna cesta,29/06/2024,14:15:00,Vedro,Dan,Suh,0,0,1,Udar prednjim dijelom vozila,Urbano,Dvosmjerna cesta,Pravac,Ne,Bez raskrsnice,Bez prelaza,Da,Da,0,0,1,0,2,,,,,1,,,,
358,43.870396,18.412117,Lokalna cesta,29/06/2024,14:45:00,Vedro,Dan,Suh,0,0,1,Udar u pješaka,Urbano,Dvosmjerna cesta,Pravac,Ne,Bez raskrsnice,Bez prelaza,Da,Da,0,0,1,0,1,1,,,,,,,,
359,43.853735,18.409955,Lokalna cesta,01/07/2024,17:35:00,Vedro,Dan,Suh,0,0,1,Udar u pješaka,Urbano,Dvosmjerna cesta,Pravac,Ne,Bez raskrsnice,Pješački prelaz,Da,Da,0,0,1,0,1,1,,,,,,,,
360,43.855529,18.400962,Magistralna cesta,04/07/2024,13:15:00,Vedro,Dan,Suh,0,0,1,Sudar vozila i e-romobila,Urbano,Jednosmjerna cesta,Pravac,Da,Bez raskrsnice,Pješački prelaz,Da,Da,0,0,1,0,1,,1,,,,,,,
361,43.859217,18.423144,Lokalna cesta,09/07/2024,08:30:00,Vedro,Dan,Suh,0,0,1,Udar u pješaka,Urbano,Dvosmjerna cesta,Pravac,Ne,Bez raskrsnice,Pješački prelaz,Da,Da,0,0,1,0,,1,,,,,1,,,
362,43.857162,18.391549,Lokalna cesta,17/07/2024,07:00:00,Vedro,Dan,Suh,0,0,1,Udar prednjim dijelom vozila,Urbano,Dvosmjerna cesta,Pravac,Ne,Bez raskrsnice,Bez prelaza,Da,Da,0,0,1,0,2,,,,,,,,,
363,43.870687,18.418074,Lokalna cesta,17/07/2024,09:30:00,Vedro,Dan,Suh,0,0,2,Udar u pješaka,Urbano,Dvosmjerna cesta,Pravac,Da,Bez raskrsnice,Bez prelaza,Ne,Da,0,0,2,0,1,1,,,,,,,,
364,43.829614,18.343324,Lokalna cesta,26/07/2024,,Vedro,Noć,Suh,0,0,1,Udar u pješaka,Urbano,Dvosmjerna cesta,Pravac,Ne,Bez raskrsnice,Bez prelaza,Ne,Da,0,0,1,0,1,1,,,,,,,,
365,43.870532,18.415686,Lokalna cesta,28/07/2024,19:00:00,Vedro,Noć,Suh,0,0,1,Sudar vozila i motocikla,Urbano,Dvosmjerna cesta,Pravac,Ne,Bez raskrsnice,Pješački prelaz,Ne,Da,0,0,1,0,2,,,,1,,,,,
366,43.858851,18.420268,Lokalna cesta,29/07/2024,22:55:00,Vedro,Noć,Suh,0,0,1,Udar u pješaka,Urbano,Dvosmjerna cesta,Pravac,Ne,Bez raskrsnice,Pješački prelaz,Da,Da,0,0,1,0,1,1,,,,,,,,
367,43.799818,18.092555,Lokalna cesta,03/08/2024,00:45:00,Vedro,Noć,Suh,1,0,1,Izlijetanje izvan kolovoza,Urbano,Dvosmjerna cesta,Krivina,Ne,Bez raskrsnice,Bez prelaza,Da,Da,0,0,1,1,1,,,,,,,,,
368,43.7885551,18.1881716,Lokalna cesta,05/08/2024,14:00:00,Vedro,Dan,Suh,1,0,1,Izlijetanje izvan kolovoza,Urbano,Dvosmjerna cesta,Krivina,Da,Bez raskrsnice,Bez prelaza,Da,Da,0,0,1,1,1,,,,,,,,,
369,43.82904,18.33975,Lokalna cesta,09/08/2024,15:50:00,Vedro,Dan,Suh,0,0,1,Sudar vozila i bicikla,Urbano,Dvosmjerna cesta,Pravac,Ne,T-raskrsnica,Bez prelaza,Da,Da,0,0,1,0,1,,,1,,,,,,
370,43.945727,18.266315,Lokalna cesta,24/08/2024,05:20:00,Vedro,Noć,Suh,0,0,1,Sudar prilikom skretanja,Urbano,Dvosmjerna cesta,Pravac,Ne,Trokraka raskrsnica,Bez prelaza,Da,Da,0,0,1,0,2,,,,,,,,,
371,43.853628,18.422814,Magistralna cesta,02/09/2024,19:50:00,Vedro,Noć,Suh,0,0,2,Udar u pješaka,Urbano,Dvosmjerna cesta,Krivina,Ne,Bez raskrsnice,Pješački prelaz,Da,Da,0,0,2,0,,1,,,1,,,,,
372,43.854688,18.389776,Lokalna cesta,09/09/2024,21:00:00,Kiša,Noć,Mokar,0,0,1,Udar u pješaka,Urbano,Dvosmjerna cesta,Pravac,Ne,Bez raskrsnice,Bez prelaza,Da,Da,0,0,1,0,1,1,,,,,,,,
373,43.85575,18.420562,Lokalna cesta,10/09/2024,11:50:00,Vedro,Dan,Suh,0,0,1,Sudar vozila i e-romobila,Urbano,Dvosmjerna cesta,Pravac,Ne,Četverokraka raskrsnica,Pješački prelaz,Da,Da,0,0,1,0,,,1,,,,1,,,
374,43.85805,18.407562,Lokalna cesta,12/09/2024,15:15:00,Vedro,Dan,Suh,0,0,2,Sudar vozila i motocikla,Urbano,Dvosmjerna cesta,Pravac,Ne,Trokraka raskrsnica,Bez prelaza,Da,Da,0,0,2,0,1,,,,1,,,,,
375,43.85197301,18.37207412,Lokalna cesta,12/09/2024,16:55:00,Vedro,Dan,Suh,0,0,1,Udar u pješaka,Urbano,Dvosmjerna cesta,Pravac,Ne,Četverokraka raskrsnica,Bez prelaza,Ne,Da,0,0,1,0,1,1,,,,,,,,
376,43.858926,18.40327,Lokalna cesta,22/09/2024,09:25:00,Vedro,Dan,Suh,0,0,3,Sudar vozila i motocikla,Urbano,Dvosmjerna cesta,Pravac,Ne,Trokraka raskrsnica,Bez prelaza,Da,Da,0,0,3,0,1,,,,1,,,,,
377,43.838873,18.342992,Lokalna cesta,23/09/2024,12:00:00,Vedro,Dan,Suh,0,0,1,Sudar vozila i motocikla,Urbano,Dvosmjerna cesta,Pravac,Ne,Kružni tok,Bez prelaza,Ne,Da,0,0,1,0,1,,,,1,,,,,
378,43.872431,18.405578,Magistralna cesta,03/10/2024,15:15:00,Vedro,Dan,Suh,0,0,2,Sudar prilikom preticanja,Urbano,Dvosmjerna cesta,Pravac,Ne,Bez raskrsnice,Bez prelaza,Da,Da,0,0,2,0,2,,,,,,,,,
379,43.829516,18.353032,Lokalna cesta,07/10/2024,09:55:00,Vedro,Dan,Suh,0,0,1,Udar u pješaka,Urbano,Dvosmjerna cesta,Pravac,Ne,Bez raskrsnice,Bez prelaza,Da,Da,0,0,1,0,,1,,,,,1,,,
380,43.857349,18.388838,Lokalna cesta,09/10/2024,16:45:00,Vedro,Dan,Suh,0,0,2,Udar u pješaka,Urbano,Dvosmjerna cesta,Pravac,Ne,Bez raskrsnice,Bez prelaza,Ne,Da,0,0,2,0,1,1,,,,,,,,
381,43.863896,18.402202,Lokalna cesta,10/10/2024,08:50:00,Vedro,Dan,Suh,0,0,1,Udar u pješaka,Urbano,Dvosmjerna cesta,Pravac,Ne,Kružni tok,Bez prelaza,Da,Da,0,0,1,0,1,1,,,,,,,,
382,43.855338,18.366137,Lokalna cesta,17/10/2024,09:40:00,Kiša,Dan,Mokar,1,0,1,Udar u pješaka,Urbano,Dvosmjerna cesta,Pravac,Ne,Bez raskrsnice,Bez prelaza,Da,Da,0,0,1,1,1,1,,,,,,,,
383,43.831155,18.351604,Lokalna cesta,18/10/2024,12:30:00,Vedro,Dan,Suh,0,0,1,Sudar prilikom preticanja,Urbano,Dvosmjerna cesta,Pravac,Ne,Bez raskrsnice,Pješački prelaz,Da,Da,0,0,1,0,3,,,,,,,,,
384,43.6696279,18.2236248,Lokalna cesta,20/10/2024,12:30:00,Vedro,Dan,Suh,0,0,1,Udar u pješaka,Urbano,Dvosmjerna cesta,Pravac,Ne,Bez raskrsnice,Bez prelaza,Ne,Da,0,0,1,0,1,2,,,,,,,,
385,43.85545,18.4132,Lokalna cesta,24/10/2024,06:00:00,Vedro,Dan,Suh,0,0,1,Udar u pješaka,Urbano,Dvosmjerna cesta,Pravac,Ne,Trokraka raskrsnica,Pješački prelaz,Da,Da,0,0,1,0,1,1,,,,,,,,Trolejbus
386,43.670296,18.253758,Lokalna cesta,28/10/2024,15:00:00,Vedro,Dan,Suh,0,0,1,Udar u pješaka,Urbano,Dvosmjerna cesta,Krivina,Da,Bez raskrsnice,Bez prelaza,Ne,Ne,0,0,1,0,1,1,,,,,,,,
387,43.86283,18.408077,Lokalna cesta,04/11/2024,12:00:00,Vedro,Dan,Suh,0,0,1,Udar u pješaka,Urbano,Dvosmjerna cesta,Krivina,Da,Bez raskrsnice,Bez prelaza,Ne,Da,0,0,1,0,1,1,,,,,,,,
388,43.811273,18.314118,Lokalna cesta,04/11/2024,18:05:00,Vedro,Sumrak,Suh,0,0,1,Sudar vozila i e-romobila,Urbano,Dvosmjerna cesta,Pravac,Ne,Četverokraka raskrsnica,Bez prelaza,Da,Da,0,0,1,0,1,,1,,,,,,,
389,43.838869,18.342711,Lokalna cesta,07/11/2024,06:50:00,Vedro,Dan,Suh,0,0,1,Udar u pješaka,Urbano,Dvosmjerna cesta,Pravac,Ne,Trokraka raskrsnica,Pješački prelaz,Da,Da,0,0,1,0,2,1,,,,,,,,
390,43.827969,18.21007,Lokalna cesta,07/11/2024,12:25:00,Vedro,Dan,Suh,0,0,1,Udar u pješaka,Urbano,Dvosmjerna cesta,Pravac,Ne,Trokraka raskrsnica,Pješački prelaz,Da,Da,0,0,1,0,1,1,,,,,,,,
391,43.867318,18.412077,Lokalna cesta,08/11/2024,11:40:00,Vedro,Dan,Suh,0,0,1,Udar u pješaka,Urbano,Dvosmjerna cesta,Pravac,Ne,Trokraka raskrsnica,Bez prelaza,Da,Da,0,0,1,0,1,1,,,,,,,,
392,43.851675,18.37874,Magistralna cesta,09/11/2024,11:25:00,Vedro,Dan,Suh,0,0,1,Udar u pješaka,Urbano,Jednosmjerna cesta,Pravac,Ne,Bez raskrsnice,Pješački prelaz,Da,Da,0,0,1,0,1,1,,,,,,,,
393,43.872858,18.433044,Lokalna cesta,11/11/2024,13:20:00,Vedro,Dan,Suh,0,0,1,Udar u pješaka,Urbano,Dvosmjerna cesta,Krivina,Da,Trokraka raskrsnica,Bez prelaza,Da,Da,0,0,1,0,1,1,,,,,,,,
394,43.857788,18.411954,Magistralna cesta,22/11/2024,13:20:00,Vedro,Dan,Suh,0,0,1,Udar u pješaka,Urbano,Jednosmjerna cesta,Pravac,Ne,Bez raskrsnice,Bez prelaza,Da,Da,0,0,1,0,1,1,,,,,,,,
395,43.841295,18.322356,Magistralna cesta,02/12/2024,07:20:00,Kiša,Dan,Mokar,0,0,1,Udar u pješaka,Urbano,Dvosmjerna cesta,Pravac,Ne,Trokraka raskrsnica,Bez prelaza,Ne,Da,0,0,1,0,1,,,,,,,,,
396,43.858879,18.418988,Lokalna cesta,08/12/2024,16:00:00,Kiša,Dan,Mokar,0,0,2,Udar prednjim dijelom vozila,Urbano,Jednosmjerna cesta,Pravac,Ne,Bez raskrsnice,Bez prelaza,Da,Da,0,0,2,0,3,,,,,,,,,
397,43.862047,18.359541,Lokalna cesta,07/09/2022,15:05:00,Vedro,Dan,Suh,0,0,1,Udar prednjim dijelom vozila,Urbano,Dvosmjerna cesta,Pravac,Ne,Bez raskrsnice,Pješački prelaz,Da,Da,0,0,1,0,1,,,,,,,1,,
398,43.861614,18.332683,Lokalna cesta,08/09/2022,14:00:00,Vedro,Dan,Suh,0,0,4,Udar u pješaka,Urbano,Dvosmjerna cesta,Pravac,Da,Bez raskrsnice,Bez prelaza,Ne,Da,0,0,4,0,1,1,,,,,,,,
399,43.838854,18.297217,Lokalna cesta,14/09/2022,07:15:00,Vedro,Dan,Suh,0,0,1,Sudar vozila i bicikla,Urbano,Dvosmjerna cesta,Pravac,Ne,Bez raskrsnice,Bez prelaza,Ne,Da,0,0,1,0,1,,,1,,,,,,
400,43.85518,18.381293,Lokalna cesta,21/09/2022,07:35:00,Vedro,Dan,Suh,0,0,1,Izlijetanje izvan kolovoza,Urbano,Dvosmjerna cesta,Pravac,Da,Bez raskrsnice,Bez prelaza,Ne,Da,0,0,1,0,1,,,,,,,,,
401,43.794978,18.319596,Lokalna cesta,22/09/2022,05:30:00,Vedro,Noć,Suh,0,0,1,Sudar vozila i bicikla,Urbano,Dvosmjerna cesta,Pravac,Ne,Bez raskrsnice,Bez prelaza,Da,Da,0,0,1,0,1,,,1,,,,,,
402,43.851601,18.32568,Magistralna cesta,23/09/2022,17:00:00,Vedro,Dan,Suh,0,0,1,Sudar vozila i e-romobila,Urbano,Jednosmjerna cesta,Krivina,Ne,Bez raskrsnice,Pješački prelaz,Da,Da,0,0,1,0,1,,1,,,,,,,
403,43.869796,18.206357,Magistralna cesta,29/09/2022,14:10:00,Vedro,Dan,Suh,0,0,2,Sudar vozila i bicikla,Urbano,Dvosmjerna cesta,Pravac,Ne,Bez raskrsnice,Bez prelaza,Da,Da,0,0,2,0,1,,,1,,,,,,
404,43.854958,18.365813,Lokalna cesta,01/10/2022,01:45:00,Vedro,Noć,Suh,0,0,1,Izlijetanje izvan kolovoza,Urbano,Dvosmjerna cesta,Krivina,Ne,Bez raskrsnice,Bez prelaza,Ne,Da,0,0,1,0,1,,,,,,,,,
405,43.860166,18.430507,Lokalna cesta,01/10/2022,09:35:00,Vedro,Dan,Suh,0,0,3,Izlijetanje izvan kolovoza,Urbano,Jednosmjerna cesta,Pravac,Ne,Bez raskrsnice,Bez prelaza,Da,Ne,0,0,3,0,1,,,,,,,,,
406,43.790901,18.114227,Magistralna cesta,01/10/2022,16:40:00,Kiša,Dan,Mokar,0,0,1,Udar prednjim dijelom vozila,Urbano,Dvosmjerna cesta,Pravac,Ne,Bez raskrsnice,Bez prelaza,Ne,Da,0,0,1,0,2,,,,,,,,,
407,43.858038,18.408246,Lokalna cesta,11/10/2022,16:28:00,Vedro,Dan,Suh,0,0,1,Sudar vozila i e-romobila,Urbano,Dvosmjerna cesta,Pravac,Ne,Trokraka raskrsnica,Pješački prelaz,Da,Da,0,0,1,0,1,,1,,,,,,,
408,43.974732,18.23939,Lokalna cesta,13/10/2022,18:00:00,Vedro,Sumrak,Suh,0,0,3,Sudar prilikom skretanja,Urbano,Dvosmjerna cesta,Pravac,Ne,Trokraka raskrsnica,Bez prelaza,Ne,Da,0,0,3,0,2,,,,,,,,,
409,43.85827,18.41224,Magistralna cesta,14/10/2022,23:20:00,Vedro,Noć,Suh,0,0,1,Izlijetanje izvan kolovoza,Urbano,Dvosmjerna cesta,Pravac,Ne,Četverokraka raskrsnica,Pješački prelaz,Da,Da,0,0,1,0,1,,,,,,,,,
410,43.851549,18.40853,Magistralna cesta,15/10/2022,06:20:00,Vedro,Dan,Suh,0,0,2,Udar u pješaka,Urbano,Dvosmjerna cesta,Krivina,Ne,Trokraka raskrsnica,Pješački prelaz,Da,Da,0,0,2,0,1,1,,,,,,,,
411,43.838766,18.329262,Magistralna cesta,15/10/2022,16:00:00,Vedro,Dan,Suh,0,0,1,Sudar vozila i bicikla,Urbano,Dvosmjerna cesta,Pravac,Ne,Bez raskrsnice,Bez prelaza,Ne,Da,0,0,1,0,1,,,1,,,,,,
412,43.859287,18.42317,Lokalna cesta,19/10/2022,1/16/1900 9:36,Vedro,Noć,Suh,0,0,1,Udar u pješaka,Urbano,Jednosmjerna cesta,Pravac,Ne,Bez raskrsnice,Pješački prelaz,Da,Da,0,0,1,0,1,1,,,,,,,,
413,43.846271,18.340204,Lokalna cesta,22/10/2022,12:14:00,Vedro,Dan,Suh,0,0,1,Udar u pješaka,Urbano,Jednosmjerna cesta,Pravac,Ne,Bez raskrsnice,Pješački prelaz,Da,Da,0,0,1,0,1,1,,,,,,,,
414,43.830435,18.355497,Lokalna cesta,01/11/2022,04:50:00,Vedro,Noć,Suh,0,0,1,Izlijetanje izvan kolovoza,Urbano,Jednosmjerna cesta,Pravac,Ne,Bez raskrsnice,Bez prelaza,Da,Da,0,0,1,0,1,,,,,,,,,
415,43.840138,18.321232,Magistralna cesta,01/11/2022,21:45:00,Vedro,Noć,Suh,0,0,1,Udar prednjim dijelom vozila,Urbano,Jednosmjerna cesta,Pravac,Ne,Bez raskrsnice,Bez prelaza,Da,Da,0,0,1,0,2,,,,,,,,,
416,43.848113,18.370552,Lokalna cesta,07/11/2022,16:40:00,Vedro,Dan,Suh,0,0,1,Udar u pješaka,Urbano,Dvosmjerna cesta,Pravac,Ne,Bez raskrsnice,Bez prelaza,Da,Ne,0,0,1,0,1,1,,,,,,,,
417,43.849821,18.366395,Lokalna cesta,10/11/2022,18:55:00,Vedro,Sumrak,Suh,0,0,1,Sudar vozila i e-romobila,Urbano,Dvosmjerna cesta,Pravac,Ne,Trokraka raskrsnica,Pješački prelaz,Da,Da,0,0,1,0,1,,1,,,,,,,
418,43.857344,18.434185,Lokalna cesta,11/11/2022,10:07:00,Vedro,Dan,Suh,0,0,2,Udar u pješaka,Urbano,Jednosmjerna cesta,Pravac,Da,Bez raskrsnice,Bez prelaza,Ne,Da,0,0,2,0,1,1,,,,,,,,
419,43.866433,18.408557,Lokalna cesta,12/11/2022,15:20:00,Vedro,Dan,Suh,0,0,1,Udar u pješaka,Urbano,Jednosmjerna cesta,Pravac,Ne,Bez raskrsnice,Bez prelaza,Da,Da,0,0,1,0,1,1,,,,,,,,
420,43.852997,18.406394,Lokalna cesta,12/11/2022,18:30:00,Vedro,Sumrak,Suh,0,0,1,Udar u pješaka,Urbano,Dvosmjerna cesta,Pravac,Ne,Trokraka raskrsnica,Pješački prelaz,Da,Da,0,0,1,0,,2,,,1,,,,,
421,43.868698,18.416217,Lokalna cesta,21/11/2022,06:50:00,Kiša,Dan,Mokar,0,0,1,Udar prednjim dijelom vozila,Urbano,Dvosmjerna cesta,Pravac,Da,Bez raskrsnice,Bez prelaza,Ne,Da,0,0,1,0,2,,,,,,,,,
422,43.844793,18.327803,Magistralna cesta,21/11/2022,18:25:00,Kiša,Sumrak,Mokar,0,0,1,Udar u pješaka,Urbano,Dvosmjerna cesta,Pravac,Ne,Bez raskrsnice,Bez prelaza,Da,Da,0,0,1,0,2,2,,,,,,,,
423,43.870581,18.405792,Lokalna cesta,02/11/2022,08:50:00,Kiša,Dan,Mokar,0,0,1,Udar u pješaka,Urbano,Dvosmjerna cesta,Pravac,Da,Trokraka raskrsnica,Pješački prelaz,Da,Da,0,0,1,0,1,1,,,,,,,,
424,43.900217,18.345977,Lokalna cesta,22/11/2022,16:00:00,Kiša,Dan,Mokar,0,0,2,Udar u pješaka,Urbano,Dvosmjerna cesta,Pravac,Ne,Bez raskrsnice,Bez prelaza,Da,Da,0,0,2,0,1,1,,,,,,,,
425,43.858072,18.405799,Lokalna cesta,05/12/2022,13:45:00,Vedro,Dan,Suh,0,0,2,Udar prednjim dijelom vozila,Urbano,Dvosmjerna cesta,Pravac,Ne,Bez raskrsnice,Bez prelaza,Da,Ne,0,0,2,0,1,,,,,,,,,
426,43.857603,18.4238,Lokalna cesta,08/12/2022,12:50:00,Kiša,Dan,Mokar,0,0,1,Udar u pješaka,Urbano,Dvosmjerna cesta,Pravac,Ne,Bez raskrsnice,Bez prelaza,Da,Da,0,0,1,0,1,1,,,,,,,,
427,44.048309,18.438232,Lokalna cesta,10/12/2022,17:00:00,Kiša,Dan,Mokar,0,0,1,Udar u pješaka,Ruralno,Dvosmjerna cesta,Krivina,Da,Bez raskrsnice,Bez prelaza,Ne,Ne,0,0,1,0,1,1,,,,,,,,
428,43.858058,18.408333,Lokalna cesta,21/12/2022,14:15:00,Vedro,Dan,Suh,1,0,1,Udar u pješaka,Urbano,Dvosmjerna cesta,Pravac,Ne,Bez raskrsnice,Pješački prelaz,Da,Da,0,0,1,1,1,1,,,,,,,,
429,43.8585847,18.4321179,Lokalna cesta,02/09/2022,17:10:00,Magla,Dan,Mokar,0,1,0,Pad motocikla na kolovoz,Urbano,Jednosmjerna cesta,Pravac,Ne,Bez raskrsnice,Bez prelaza,Da,Ne,0,0,0,0,,,,,1,,,,,
430,43.857188,18.426423,Lokalna cesta,04/10/2022,12:12:00,Vedro,Dan,Suh,0,0,1,Udar prednjim dijelom vozila,Urbano,Jednosmjerna cesta,Pravac,Ne,Bez raskrsnice,Bez prelaza,Da,Da,0,0,1,0,2,,,,,1,,,,
431,43.860027,18.438595,Magistralna cesta,23/10/2022,18:30:00,Vedro,Dan,Suh,0,0,3,Udar prednjim dijelom vozila,Urbano,Dvosmjerna cesta,Pravac,Da,T-raskrsnica,Bez prelaza,Da,Da,0,0,3,0,2,,,,,,,,,
432,43.858187,18.430566,Lokalna cesta,27/10/2022,17:20:00,Vedro,Dan,Suh,0,0,1,Udar prednjim dijelom vozila,Urbano,Jednosmjerna cesta,Pravac,Ne,T-raskrsnica,Pješački prelaz,Da,Da,0,0,1,0,2,,,,,,,,,
433,43.85894165,18.433831,Lokalna cesta,03/11/2022,15:30:00,Vedro,Dan,Suh,0,0,1,Udar prednjim dijelom vozila,Urbano,Jednosmjerna cesta,Krivina,Ne,T-raskrsnica,Pješački prelaz,Da,Da,0,0,1,0,3,,,,,,,,,
434,43.85396,18.430206,Lokalna cesta,11/11/2022,10:50:00,Vedro,Dan,Suh,0,0,1,Udar prednjim dijelom vozila,Urbano,Dvosmjerna cesta,Pravac,Da,Bez raskrsnice,Pješački prelaz,Da,Da,0,0,1,0,3,,,,,,,,,
435,43.8599813,18.4269905,Lokalna cesta,23/12/2022,07:50:00,Magla,Dan,Mokar,0,0,1,Udar prednjim dijelom vozila,Urbano,Jednosmjerna cesta,Pravac,Ne,Bez raskrsnice,Bez prelaza,Da,Da,0,0,1,0,2,,,,,,,,,
436,43.85346568,18.464962,Magistralna cesta,04/01/2023,07:25:00,Vedro,Dan,Mokar,0,0,1,Udar prednjim dijelom vozila,Ruralno,Dvosmjerna cesta,Pravac,Ne,Bez raskrsnice,Bez prelaza,Ne,Ne,0,0,1,0,2,,,,,,,,,
437,43.8600196,18.4269869,Lokalna cesta,18/01/2023,20:00:00,Sa snijegom,Noć,Mokar,0,0,3,Udar prednjim dijelom vozila,Urbano,Jednosmjerna cesta,Pravac,Ne,Bez raskrsnice,Bez prelaza,Da,Da,0,0,3,0,2,,,,,,,,,
438,43.8581685,18.4264182,Lokalna cesta,07/02/2023,14:20:00,Vedro,Dan,Mokar,0,0,1,Udar u pješaka,Urbano,Dvosmjerna cesta,Pravac,Da,Bez raskrsnice,Bez prelaza,Ne,Da,0,0,1,0,1,,,,,,,,,
439,43.8587485,18.43288392,Lokalna cesta,24/02/2023,23:40:00,Vedro,Noć,Mokar,0,1,2,Sudar prilikom skretanja,Urbano,Jednosmjerna cesta,Pravac,Ne,T-raskrsnica,Pješački prelaz,Da,Da,0,0,3,0,2,,,,,,,,,
440,43.859916,18.426363,Lokalna cesta,14/03/2023,09:35:00,Vedro,Dan,Suh,0,0,1,Udar prednjim dijelom vozila,Urbano,Jednosmjerna cesta,Pravac,Ne,Bez raskrsnice,Bez prelaza,Da,Da,0,0,1,0,2,,,,,,,,,
441,43.853951,18.430217,Lokalna cesta,21/03/2023,12:30:00,Vedro,Dan,Suh,0,0,1,Udar u pješaka,Urbano,Dvosmjerna cesta,Pravac,Da,Bez raskrsnice,Pješački prelaz,Da,Da,0,0,1,0,1,,,,,,,,,
442,43.857008,18.429661,Lokalna cesta,17/04/2023,20:20:00,Kiša,Noć,Mokar,0,0,1,Udar u pješaka,Urbano,Dvosmjerna cesta,Pravac,Da,Bez raskrsnice,Bez prelaza,Da,Da,0,0,1,0,1,,,,,,,,,
443,43.860082,18.42854,Lokalna cesta,05/05/2023,15:15:00,Vedro,Dan,Suh,0,0,1,Izlijetanje izvan kolovoza,Urbano,Jednosmjerna cesta,Pravac,Ne,Bez raskrsnice,Bez prelaza,Da,Da,0,0,1,0,,,,,1,,,,,
444,43.857215,18.426602,Lokalna cesta,14/05/2023,02:10:00,Kiša,Noć,Mokar,0,0,1,Sudar prilikom skretanja,Urbano,Jednosmjerna cesta,Pravac,Ne,Četverokraka raskrsnica,Pješački prelaz,Da,Da,0,0,1,0,2,,,,,,,,,
445,43.858734,18.432886,Lokalna cesta,22/05/2023,14:18:00,Vedro,Dan,Suh,0,0,1,Udar u pješaka,Urbano,Jednosmjerna cesta,Pravac,Ne,T-raskrsnica,Pješački prelaz,Da,Da,0,0,1,0,1,,,,,,,,,
446,43.859979,18.426408,Lokalna cesta,03/06/2023,13:20:00,Vedro,Dan,Suh,0,0,1,Udar u pješaka,Urbano,Jednosmjerna cesta,Pravac,Ne,T-raskrsnica,Pješački prelaz,Da,Da,0,0,1,0,1,,,,,,,,,
447,43.852543,18.433223,Lokalna cesta,02/07/2023,19:15:00,Vedro,Noć,Suh,0,0,1,Udar u pješaka,Urbano,Jednosmjerna cesta,Pravac,Ne,Bez raskrsnice,Bez prelaza,Da,Da,0,0,1,0,,,,,,,,1,,
448,43.86005018,18.42771588,Lokalna cesta,06/07/2023,18:40:00,Vedro,Dan,Suh,0,0,1,Udar u pješaka,Urbano,Jednosmjerna cesta,Pravac,Ne,Bez raskrsnice,Bez prelaza,Da,Da,0,0,1,0,1,,,,,,,,,
449,43.856021,18.429852,Lokalna cesta,19/08/2023,14:10:00,Kiša,Dan,Mokar,0,0,1,Sudar vozila i bicikla,Urbano,Dvosmjerna cesta,Pravac,Da,Bez raskrsnice,Bez prelaza,Da,Da,0,0,1,0,1,,1,,,,,,,
450,43.85528815,18.42998225,Lokalna cesta,22/08/2023,21:50:00,Vedro,Noć,Suh,0,0,1,Udar u pješaka,Urbano,Dvosmjerna cesta,Pravac,Da,Bez raskrsnice,Bez prelaza,Da,Da,0,0,1,0,,,,,,1,,,,
451,43.85532,18.458137,Magistralna cesta,26/08/2023,19:50:00,Vedro,Noć,Suh,0,0,1,Udar prednjim dijelom vozila,Ruralno,Dvosmjerna cesta,Pravac,Ne,Bez raskrsnice,Bez prelaza,Ne,Da,0,0,1,0,2,,,,,,,,,
452,43.857054,18.426066,Lokalna cesta,21/09/2023,14:28:00,Kiša,Dan,Mokar,0,0,1,Pad motocikla na kolovoz,Urbano,Jednosmjerna cesta,Pravac,Ne,Bez raskrsnice,Bez prelaza,Da,Da,0,0,1,0,,,,,1,,,,,
453,43.852889,18.4306,Lokalna cesta,19/10/2023,07:50:00,Vedro,Dan,Suh,0,0,1,Udar u pješaka,Urbano,Dvosmjerna cesta,Pravac,Da,Bez raskrsnice,Bez prelaza,Da,Da,0,0,1,0,1,,,,,,,,,
454,43.85009155,18.4645627,Magistralna cesta,23/10/2023,09:20:00,Vedro,Dan,Suh,0,0,2,Udar prednjim dijelom vozila,Ruralno,Dvosmjerna cesta,Pravac,Ne,Bez raskrsnice,Bez prelaza,Ne,Da,0,0,2,0,4,,,,,,,,,
455,43.8587485,18.43288392,Lokalna cesta,24/10/2023,09:30:00,Vedro,Dan,Suh,0,0,1,Sudar prilikom skretanja,Urbano,Jednosmjerna cesta,Pravac,Ne,Četverokraka raskrsnica,Pješački prelaz,Da,Da,0,0,1,0,1,,,,1,,,,,
456,43.85636547,18.45641239,Magistralna cesta,15/11/2023,06:50:00,Oblačno,Dan,Suh,0,0,1,Udar zadnjim dijelom vozila,Ruralno,Dvosmjerna cesta,Pravac,Ne,T-raskrsnica,Pješački prelaz,Ne,Da,0,0,1,0,1,,,,,,,,,
457,43.856821,18.429772,Lokalna cesta,14/12/2023,18:45:00,Oblačno,Noć,Suh,0,0,1,Udar u pješaka,Urbano,Dvosmjerna cesta,Pravac,Da,Bez raskrsnice,Bez prelaza,Da,Da,0,0,1,0,1,,,,,,,,,
458,43.8562611,18.42983723,Lokalna cesta,31/12/2023,17:30:00,Vedro,Noć,Suh,0,0,1,Sudar prilikom preticanja,Urbano,Dvosmjerna cesta,Pravac,Da,Bez raskrsnice,Bez prelaza,Da,Da,0,0,1,0,2,,,,,,,,,
459,43.859624,18.432468,Lokalna cesta,07/02/2024,11:25:00,Vedro,Dan,Suh,0,0,2,Udar prednjim dijelom vozila,Urbano,Jednosmjerna cesta,Pravac,Ne,Bez raskrsnice,Bez prelaza,Da,Da,0,0,2,0,2,,,,,,,,,
460,43.86015146,18.4269905,Lokalna cesta,01/03/2024,12:50:00,Oblačno,Dan,Suh,0,0,1,Udar prednjim dijelom vozila,Urbano,Jednosmjerna cesta,Pravac,Ne,Bez raskrsnice,Bez prelaza,Da,Da,0,0,1,0,2,,,,,,,,,
461,43.85379002,18.46128312,Magistralna cesta,30/04/2024,16:05:00,Vedro,Dan,Suh,0,0,1,Udar prednjim dijelom vozila,Ruralno,Dvosmjerna cesta,Pravac,Ne,Bez raskrsnice,Bez prelaza,Ne,Da,0,0,1,0,2,,,,,,,,,
462,43.837327,18.452504,Lokalna cesta,08/07/2024,12:58:00,Vedro,Dan,Suh,0,0,1,Udar prednjim dijelom vozila,Urbano,Jednosmjerna cesta,Pravac,Ne,Bez raskrsnice,Bez prelaza,Da,Da,0,0,1,0,2,,,,,,,,,
463,43.857225,18.426368,Lokalna cesta,12/07/2024,18:10:00,Vedro,Dan,Suh,0,0,1,Udar prednjim dijelom vozila,Urbano,Jednosmjerna cesta,Pravac,Ne,Bez raskrsnice,Bez prelaza,Da,Da,0,0,1,0,2,,,,,,,,,
464,43.857064,18.453733,Magistralna cesta,30/07/2024,15:00:00,Vedro,Dan,Suh,0,0,1,Udar prednjim dijelom vozila,Ruralno,Dvosmjerna cesta,Pravac,Ne,Bez raskrsnice,Bez prelaza,Ne,Da,0,0,1,0,2,,,,,,,,,
465,43.858268,18.430792,Lokalna cesta,02/08/2024,16:00:00,Vedro,Dan,Suh,0,0,1,Udar u pješaka,Urbano,Jednosmjerna cesta,Pravac,Ne,T-raskrsnica,Pješački prelaz,Da,Da,0,0,1,0,1,,,,,,,,,
466,43.860129,18.4306,Lokalna cesta,17/08/2024,14:20:00,Oblačno,Dan,Mokar,0,0,1,Udar u pješaka,Urbano,Jednosmjerna cesta,Pravac,Ne,Bez raskrsnice,Bez prelaza,Da,Da,0,0,1,0,1,,,,,,,,,
467,43.85052045,18.46444274,Magistralna cesta,10/09/2024,12:40:00,Kiša,Dan,Mokar,0,0,1,Udar prednjim dijelom vozila,Ruralno,Dvosmjerna cesta,Pravac,Ne,Bez raskrsnice,Bez prelaza,Ne,Da,0,0,1,0,3,,,,,,,,,
468,43.855336,18.458206,Magistralna cesta,25/09/2024,16:05:00,Vedro,Dan,Suh,0,0,1,Udar prednjim dijelom vozila,Ruralno,Dvosmjerna cesta,Pravac,Ne,Bez raskrsnice,Bez prelaza,Ne,Da,0,0,1,0,4,,,,,,,,,
469,43.86013,18.430665,Lokalna cesta,30/09/2024,02:15:00,Oblačno,Noć,Mokar,0,0,2,Udar prednjim dijelom vozila,Urbano,Jednosmjerna cesta,Pravac,Ne,Bez raskrsnice,Bez prelaza,Da,Da,0,0,2,0,2,,,,,,,,,
470,43.859811,18.425744,Lokalna cesta,19/10/2024,12:30:00,Vedro,Dan,Suh,0,0,2,Udar u pješaka,Urbano,Jednosmjerna cesta,Pravac,Ne,Bez raskrsnice,Bez prelaza,Da,Da,0,0,2,0,1,,,,,,,,,
471,43.858718,18.432846,Lokalna cesta,20/10/2024,13:45:00,Vedro,Dan,Suh,0,0,1,Udar prednjim dijelom vozila,Urbano,Jednosmjerna cesta,Pravac,Ne,Bez raskrsnice,Bez prelaza,Da,Da,0,0,1,0,2,,,,,,,,,
472,43.857428,18.452395,Lokalna cesta,30/10/2024,11:20:00,Vedro,Dan,Suh,0,0,2,Udar prednjim dijelom vozila,Urbano,Jednosmjerna cesta,Pravac,Ne,Bez raskrsnice,Bez prelaza,Da,Da,0,0,2,0,1,,,,,,,,,
473,43.85952816,18.43307504,Lokalna cesta,05/11/2024,15:30:00,Vedro,Dan,Suh,0,0,1,Udar u pješaka,Urbano,Jednosmjerna cesta,Pravac,Ne,Bez raskrsnice,Pješački prelaz,Ne,Da,0,0,1,0,1,,,,,,,,,
474,43.85709,18.45384,Lokalna cesta,15/11/2024,16:20:00,Vedro,Dan,Suh,0,0,1,Udar prednjim dijelom vozila,Urbano,Jednosmjerna cesta,Pravac,Ne,Bez raskrsnice,Bez prelaza,Da,Da,0,0,1,0,2,,,,,,,,,
475,43.844178,18.36726,Lokalna cesta,01/09/2022,11:00:00,Oblačno,Dan,Suh,0,0,1,Izlijetanje izvan kolovoza,Urbano,Dvosmjerna cesta,Pravac,Ne,Bez raskrsnice,Bez prelaza,Da,Ne,0,0,1,0,1,,,,,,,,,
476,43.849,18.3637,Magistralna cesta,07/09/2022,15:15:00,Vedro,Dan,Suh,0,0,1,Udar prednjim dijelom vozila,Urbano,Jednosmjerna cesta,Pravac,Ne,Bez raskrsnice,Bez prelaza,Ne,Ne,0,0,1,0,3,,,,,,,,,
477,43.8515,18.3616,Lokalna cesta,09/09/2022,14:15:00,Oblačno,Dan,Mokar,0,0,2,Udar prednjim dijelom vozila,Urbano,Dvosmjerna cesta,Pravac,Ne,Bez raskrsnice,Bez prelaza,Ne,Ne,0,0,2,0,2,,,,,,,,,
478,43.85045905,18.35990349,Magistralna cesta,10/09/2022,15:40:00,Oblačno,Dan,Mokar,0,0,1,Sudar prilikom skretanja,Urbano,Jednosmjerna cesta,Pravac,Ne,Četverokraka raskrsnica,U blizini pješačkog prelaza,Da,Da,0,0,1,0,2,,,,,,,,,
479,43.84512606,18.34065647,Magistralna cesta,10/09/2022,21:45:00,Vedro,Noć,Suh,0,0,2,Udar prednjim dijelom vozila,Urbano,Jednosmjerna cesta,Pravac,Ne,Četverokraka raskrsnica,U blizini pješačkog prelaza,Da,Da,0,0,2,0,2,,,,,,,,,
480,43.84522,18.34039,Magistralna cesta,11/09/2022,23:00:00,Vedro,Noć,Suh,0,0,1,Sudar prilikom obilaženja,Urbano,Jednosmjerna cesta,Pravac,Ne,Bez raskrsnice,Bez prelaza,Ne,Da,0,0,1,0,2,,,,,,,,,
481,43.8575,18.35767,Lokalna cesta,14/09/2022,12:25:00,Vedro,Dan,Suh,0,0,1,Udar prednjim dijelom vozila,Urbano,Dvosmjerna cesta,Pravac,Da,Bez raskrsnice,Bez prelaza,Ne,Ne,0,0,1,0,2,,,,,,,,,
482,43.84701,18.35245,Magistralna cesta,15/09/2022,12:15:00,Vedro,Dan,Suh,0,0,1,Udar prednjim dijelom vozila,Urbano,Jednosmjerna cesta,Pravac,Ne,Bez raskrsnice,Bez prelaza,Ne,Ne,0,0,1,0,3,,,,,,,,,
483,43.84809,18.35964,Magistralna cesta,20/09/2022,18:10:00,Vedro,Noć,Suh,0,0,1,Udar prednjim dijelom vozila,Urbano,Jednosmjerna cesta,Pravac,Ne,Bez raskrsnice,Bez prelaza,Ne,Da,0,0,1,0,1,,,,,1,,,,
484,43.84911349,18.36561617,Magistralna cesta,23/09/2022,09:15:00,Vedro,Dan,Suh,0,0,1,Udar prednjim dijelom vozila,Urbano,Jednosmjerna cesta,Pravac,Ne,Bez raskrsnice,Bez prelaza,Ne,Ne,0,0,1,0,3,,,,,,,,,
485,43.84512606,18.34065647,Lokalna cesta,25/09/2022,20:30:00,Oblačno,Noć,Suh,0,0,1,Udar prednjim dijelom vozila,Urbano,Dvosmjerna cesta,Pravac,Ne,Četverokraka raskrsnica,Pješački prelaz,Da,Da,0,0,1,0,2,,,,,,,,,
486,43.862091,18.35333,Lokalna cesta,12/10/2022,16:55:00,Oblačno,Sumrak,Suh,0,0,1,Udar prednjim dijelom vozila,Urbano,Dvosmjerna cesta,Pravac,Da,Bez raskrsnice,Bez prelaza,Ne,Da,0,0,1,0,2,,,,,,,,,
487,43.8386,18.34658,Regionalna cesta,13/10/2022,11:30:00,Vedro,Dan,Suh,0,0,1,Udar zadnjim dijelom vozila,Urbano,Dvosmjerna cesta,Pravac,Da,Bez raskrsnice,Bez prelaza,Ne,Ne,0,0,1,0,1,,,,,,,,,
488,43.84484928,18.36968597,Regionalna cesta,16/10/2022,15:15:00,Vedro,Dan,Suh,0,0,1,Izlijetanje izvan kolovoza,Urbano,Dvosmjerna cesta,Pravac,Da,Bez raskrsnice,Bez prelaza,Da,Ne,0,0,1,0,1,,,,,,,,,
489,43.84839711,18.35933625,Magistralna cesta,18/10/2022,12:20:00,Vedro,Dan,Suh,0,0,1,Udar prednjim dijelom vozila,Urbano,Jednosmjerna cesta,Pravac,Ne,Bez raskrsnice,Bez prelaza,Ne,Ne,0,0,1,0,2,,,,,,,,,
490,43.84841271,18.36040475,Lokalna cesta,20/10/2022,08:30:00,Vedro,Dan,Suh,0,0,1,Sudar prilikom skretanja,Urbano,Jednosmjerna cesta,Pravac,Ne,Četverokraka raskrsnica,Pješački prelaz,Da,Ne,0,0,1,0,1,,,,,1,,,,
491,43.84839711,18.35933625,Magistralna cesta,24/10/2022,14:50:00,Vedro,Dan,Suh,0,0,1,Udar prednjim dijelom vozila,Urbano,Jednosmjerna cesta,Pravac,Ne,Bez raskrsnice,Bez prelaza,Ne,Ne,0,0,1,0,2,,,,,,,,,
492,43.84839711,18.35933625,Magistralna cesta,26/10/2022,13:25:00,Vedro,Dan,Suh,0,0,1,Udar prednjim dijelom vozila,Urbano,Jednosmjerna cesta,Pravac,Ne,Bez raskrsnice,Bez prelaza,Ne,Ne,0,0,1,0,3,,,,,,,,,
493,43.85024579,18.35802646,Lokalna cesta,09/11/2022,13:15:00,Vedro,Dan,Suh,0,0,2,Sudar prilikom skretanja,Urbano,Dvosmjerna cesta,Pravac,Ne,Bez raskrsnice,Bez prelaza,Ne,Ne,0,0,2,0,2,,,,,,,,,
494,43.848661,18.34509,Lokalna cesta,19/11/2022,18:30:00,Oblačno,Noć,Mokar,0,0,1,Izlijetanje izvan kolovoza,Urbano,Dvosmjerna cesta,Pravac,Ne,Četverokraka raskrsnica,Pješački prelaz,Da,Da,0,0,1,0,1,,,,,,,,,
495,43.84794,18.35464,Magistralna cesta,12/12/2022,09:10:00,Oblačno,Dan,Suh,0,0,1,Udar prednjim dijelom vozila,Urbano,Jednosmjerna cesta,Pravac,Ne,Bez raskrsnice,Bez prelaza,Ne,Ne,0,0,1,0,1,,,,,,,,,
496,43.847927,18.358068,Magistralna cesta,16/12/2022,16:50:00,Oblačno,Dan,Suh,0,0,1,Udar prednjim dijelom vozila,Urbano,Jednosmjerna cesta,Pravac,Ne,Bez raskrsnice,Bez prelaza,Ne,Ne,0,0,1,0,3,,,,,,,,,
497,43.85038995,18.35988763,Lokalna cesta,17/12/2022,17:15:00,Oblačno,Noć,Mokar,0,0,1,Sudar prilikom skretanja,Urbano,Dvosmjerna cesta,Pravac,Ne,Četverokraka raskrsnica,Pješački prelaz,Da,Da,0,0,1,0,1,,,,,,,,,
498,43.84737,18.3548,Lokalna cesta,17/12/2022,17:30:00,Oblačno,Sumrak,Suh,0,0,1,Izlijetanje izvan kolovoza,Urbano,Dvosmjerna cesta,Pravac,Da,Četverokraka raskrsnica,Pješački prelaz,Da,Da,0,0,1,0,1,,,,,,,,,
499,43.84923547,18.36624833,Magistralna cesta,20/12/2022,14:30:00,Oblačno,Dan,Suh,0,0,1,Udar zadnjim dijelom vozila,Urbano,Jednosmjerna cesta,Pravac,Ne,Bez raskrsnice,Bez prelaza,Ne,Ne,0,0,1,0,1,,,,,,,,,
500,43.84714,18.3377,Lokalna cesta,21/12/2022,08:30:00,Oblačno,Dan,Suh,0,0,1,Udar prednjim dijelom vozila,Urbano,Dvosmjerna cesta,Pravac,Ne,Četverokraka raskrsnica,Pješački prelaz,Da,Ne,0,0,1,0,1,,,,,,,,,
501,43.85038995,18.35988763,Lokalna cesta,30/12/2022,10:55:00,Oblačno,Dan,Suh,0,0,1,Izlijetanje izvan kolovoza,Urbano,Dvosmjerna cesta,Pravac,Ne,Četverokraka raskrsnica,Pješački prelaz,Da,Ne,0,0,1,0,1,,,,,,,,,
502,43.84636,18.347996,Magistralna cesta,13/01/2023,18:30:00,Vedro,Noć,Suh,0,0,1,Udar prednjim dijelom vozila,Urbano,Jednosmjerna cesta,Pravac,Ne,Bez raskrsnice,Bez prelaza,Ne,Da,0,0,1,0,2,,,,,,,,,
503,43.84942,18.35163,Lokalna cesta,21/01/2023,23:20:00,Oblačno,Noć,Mokar,0,0,1,Izlijetanje izvan kolovoza,Urbano,Dvosmjerna cesta,Pravac,Ne,Bez raskrsnice,Bez prelaza,Ne,Da,0,0,1,0,1,,,,,,,,,
504,43.84835068,18.35940063,Magistralna cesta,24/01/2023,18:30:00,Oblačno,Noć,Mokar,0,0,1,Udar prednjim dijelom vozila,Urbano,Jednosmjerna cesta,Pravac,Ne,Bez raskrsnice,Bez prelaza,Ne,Da,0,0,1,0,3,,,,,,,,,
505,43.84949,18.34819,Magistralna cesta,02/02/2023,09:30:00,Oblačno,Dan,Suh,0,0,1,Udar prednjim dijelom vozila,Urbano,Dvosmjerna cesta,Pravac,Ne,Četverokraka raskrsnica,Pješački prelaz,Da,Ne,0,0,1,0,2,,,,,,,,,
506,43.84760886,18.35547521,Magistralna cesta,09/02/2023,19:15:00,Vedro,Noć,Suh,0,0,1,Udar u pješaka,Urbano,Jednosmjerna cesta,Pravac,Ne,Bez raskrsnice,Bez prelaza,Ne,Ne,0,0,1,0,1,,,,,,,,,
507,43.844555,18.33497,Lokalna cesta,13/02/2023,15:35:00,Vedro,Dan,Suh,0,0,3,Udar prednjim dijelom vozila,Urbano,Dvosmjerna cesta,Pravac,Ne,Bez raskrsnice,Bez prelaza,Ne,Ne,0,0,3,0,2,,,,,,,,,
508,43.85385913,18.3303537,Regionalna cesta,15/02/2023,15:00:00,Vedro,Dan,Suh,0,0,2,Sudar prilikom skretanja,Urbano,Dvosmjerna cesta,Pravac,Ne,Bez raskrsnice,Bez prelaza,Ne,Ne,0,0,2,0,2,,,,,,,,,
509,43.84760886,18.35547521,Magistralna cesta,16/02/2023,20:48:00,Vedro,Noć,Suh,0,0,2,Udar prednjim dijelom vozila,Urbano,Jednosmjerna cesta,Pravac,Ne,Bez raskrsnice,Bez prelaza,Ne,Da,0,0,2,0,2,,,,,,,,,
510,43.862,18.35986,Lokalna cesta,20/02/2023,05:20:00,Vedro,Noć,Suh,0,0,1,Udar prednjim dijelom vozila,Urbano,Dvosmjerna cesta,Pravac,Da,Bez raskrsnice,Bez prelaza,Ne,Da,0,0,1,0,1,,,,,,,,,
511,43.84500083,18.33962913,Lokalna cesta,20/02/2023,07:10:00,Vedro,Dan,Suh,0,0,1,Udar prednjim dijelom vozila,Urbano,Dvosmjerna cesta,Pravac,Da,Bez raskrsnice,Bez prelaza,Ne,Ne,0,0,1,0,2,,,,,,,,,
512,43.84760886,18.35547521,Magistralna cesta,21/02/2023,11:30:00,Vedro,Dan,Suh,0,0,1,Udar prednjim dijelom vozila,Urbano,Dvosmjerna cesta,Pravac,Ne,Bez raskrsnice,Bez prelaza,Ne,Ne,0,0,1,0,4,,,,,,,,,
513,43.84760886,18.35547521,Lokalna cesta,07/03/2023,07:15:00,Vedro,Dan,Suh,0,0,1,Sudar prilikom obilaženja,Urbano,Dvosmjerna cesta,Pravac,Ne,Bez raskrsnice,Bez prelaza,Ne,Ne,0,0,1,0,2,,,,,,,,,
514,43.84903594,18.36030605,Lokalna cesta,08/03/2023,19:00:00,Vedro,Dan,Suh,0,0,1,Udar prednjim dijelom vozila,Urbano,Jednosmjerna cesta,Pravac,Ne,Bez raskrsnice,Pješački prelaz,Ne,Ne,0,0,1,0,2,,,,,,,,,
515,43.848465,18.361203,Magistralna cesta,14/03/2023,21:40:00,Vedro,Noć,Suh,0,0,3,Udar prednjim dijelom vozila,Urbano,Jednosmjerna cesta,Pravac,Ne,Bez raskrsnice,Bez prelaza,Ne,Ne,0,0,3,0,2,,,,,,,,,
516,43.8596339,18.357878,Lokalna cesta,15/03/2023,20:50:00,Oblačno,Noć,Mokar,0,0,2,Udar prednjim dijelom vozila,Urbano,Dvosmjerna cesta,Pravac,Da,Bez raskrsnice,Bez prelaza,Ne,Da,0,0,2,0,2,,,,,,,,,
517,43.84548831,18.34305163,Lokalna cesta,24/03/2023,07:30:00,Vedro,Dan,Suh,0,0,1,Udar prednjim dijelom vozila,Urbano,Dvosmjerna cesta,Pravac,Ne,Bez raskrsnice,Bez prelaza,Ne,Ne,0,0,1,0,2,,,,,,,,,
518,43.8493,18.366634,Magistralna cesta,24/03/2023,17:15:00,Vedro,Dan,Suh,0,0,1,Udar u pješaka,Urbano,Dvosmjerna cesta,Pravac,Ne,Četverokraka raskrsnica,Pješački prelaz,Da,Ne,0,0,1,0,1,,,,,,,,,
519,43.84832,18.35947,Magistralna cesta,30/03/2023,00:30:00,Vedro,Noć,Suh,0,0,1,Udar prednjim dijelom vozila,Urbano,Jednosmjerna cesta,Pravac,Ne,Bez raskrsnice,Bez prelaza,Ne,Da,0,0,1,0,1,,,,,,,,,
520,43.84838937,18.35945427,Magistralna cesta,17/04/2023,21:20:00,Oblačno,Noć,Suh,0,0,1,Udar prednjim dijelom vozila,Urbano,Jednosmjerna cesta,Pravac,Ne,Bez raskrsnice,Bez prelaza,Ne,Da,0,0,1,0,2,,,,,,,,,
521,43.84838937,18.35945427,Magistralna cesta,18/04/2023,20:20:00,Oblačno,Noć,Mokar,0,1,0,Udar prednjim dijelom vozila,Urbano,Jednosmjerna cesta,Pravac,Ne,Bez raskrsnice,Bez prelaza,Ne,Da,0,0,1,0,2,,,,,,,,,
522,43.848479,18.360423,Magistralna cesta,22/04/2023,12:20:00,Vedro,Dan,Suh,0,0,1,Sudar prilikom skretanja,Urbano,Jednosmjerna cesta,Pravac,Ne,Bez raskrsnice,Bez prelaza,Ne,Ne,0,0,1,0,1,,,,,,,,,
523,43.85890626,18.35389999,Lokalna cesta,04/05/2023,15:50:00,Oblačno,Dan,Suh,0,1,0,Sudar prilikom skretanja,Urbano,Dvosmjerna cesta,Pravac,Da,Bez raskrsnice,Bez prelaza,Ne,Ne,0,0,1,0,2,,,,,,,,,
524,43.850849,18.366211,Lokalna cesta,17/05/2023,20:30:00,Oblačno,Noć,Mokar,0,0,1,Udar u pješaka,Urbano,Jednosmjerna cesta,Pravac,Ne,Bez raskrsnice,Bez prelaza,Ne,Da,0,0,1,0,1,,,,,,,,,
525,43.84638,18.34744,Magistralna cesta,26/05/2023,18:50:00,Oblačno,Sumrak,Mokar,0,0,1,Sudar prilikom skretanja,Urbano,Dvosmjerna cesta,Pravac,Ne,Bez raskrsnice,Pješački prelaz,Da,Da,0,0,1,0,2,,,,,,,,,
526,43.849759,18.369886,Magistralna cesta,27/05/2023,12:15:00,Vedro,Dan,Suh,0,0,1,Udar prednjim dijelom vozila,Urbano,Jednosmjerna cesta,Pravac,Ne,Bez raskrsnice,Bez prelaza,Da,Ne,0,0,1,0,3,,,,,,,,,
527,43.849759,18.369886,Magistralna cesta,27/05/2023,23:20:00,Oblačno,Noć,Suh,0,0,2,Udar prednjim dijelom vozila,Urbano,Jednosmjerna cesta,Pravac,Ne,Bez raskrsnice,Bez prelaza,Da,Da,0,0,2,0,2,,,,,,,,,
528,43.849759,18.369886,Magistralna cesta,28/05/2023,22:20:00,Vedro,Noć,Suh,0,0,1,Udar prednjim dijelom vozila,Urbano,Jednosmjerna cesta,Pravac,Ne,Bez raskrsnice,Bez prelaza,Da,Da,0,0,1,0,2,,,,,,,,,
529,43.85903963,18.35396887,Lokalna cesta,08/06/2023,12:10:00,Vedro,Dan,Suh,0,0,1,Udar u pješaka,Urbano,Dvosmjerna cesta,Pravac,Da,Bez raskrsnice,Bez prelaza,Ne,Ne,0,0,1,0,1,,,,,,,,,
530,43.86283,18.35246,Lokalna cesta,09/06/2023,21:05:00,Vedro,Noć,Suh,0,0,1,Udar u pješaka,Urbano,Dvosmjerna cesta,Pravac,Da,Bez raskrsnice,Bez prelaza,Ne,Da,0,0,1,0,1,,,,,,,,,
531,43.849759,18.369886,Magistralna cesta,12/06/2023,15:10:00,Vedro,Dan,Suh,0,0,1,Udar prednjim dijelom vozila,Urbano,Jednosmjerna cesta,Pravac,Ne,Bez raskrsnice,Bez prelaza,Ne,Ne,0,0,1,0,4,,,,,,,,,
532,43.85924,18.3541,Lokalna cesta,16/06/2023,10:00:00,Oblačno,Dan,Mokar,0,0,1,Udar prednjim dijelom vozila,Urbano,Dvosmjerna cesta,Pravac,Ne,Bez raskrsnice,Bez prelaza,Ne,Ne,0,0,1,0,1,,,,,,,,,
533,43.8542794,18.3663725,Magistralna cesta,16/06/2023,14:45:00,Oblačno,Dan,Mokar,0,0,1,Sudar prilikom skretanja,Urbano,Dvosmjerna cesta,Pravac,Ne,Četverokraka raskrsnica,Pješački prelaz,Da,Ne,0,0,1,0,1,,,,,1,,,,
534,43.84865202,18.34649485,Magistralna cesta,27/06/2023,20:30:00,Vedro,Noć,Suh,0,0,3,Sudar prilikom skretanja,Urbano,Dvosmjerna cesta,Pravac,Ne,Četverokraka raskrsnica,Pješački prelaz,Da,Da,0,0,3,0,2,,,,,,,,,
535,43.8508908,18.37183916,Lokalna cesta,29/06/2023,12:45:00,Vedro,Dan,Suh,0,0,1,Sudar vozila i motocikla,Urbano,Dvosmjerna cesta,Pravac,Ne,Bez raskrsnice,Bez prelaza,Ne,Ne,0,0,1,0,1,,,,1,,,,,
536,43.8473,18.37497,Lokalna cesta,30/06/2023,18:00:00,Vedro,Dan,Suh,0,0,1,Udar prednjim dijelom vozila,Urbano,Dvosmjerna cesta,Pravac,Ne,Bez raskrsnice,Bez prelaza,Ne,Ne,0,0,1,0,,,,,1,,,,,
537,43.84391,18.35427,Lokalna cesta,04/07/2023,15:30:00,Oblačno,Dan,Mokar,0,0,1,Sudar prilikom skretanja,Urbano,Dvosmjerna cesta,Pravac,Ne,Bez raskrsnice,Bez prelaza,Ne,Ne,0,0,1,0,2,,,,,,,,,
538,43.850589,18.37238,Lokalna cesta,13/07/2023,16:00:00,Vedro,Dan,Suh,0,0,1,Sudar vozila i motocikla,Urbano,Dvosmjerna cesta,Pravac,Ne,Bez raskrsnice,Bez prelaza,Ne,Ne,0,0,1,0,2,,,,1,,,,,
539,43.849558,18.360823,Magistralna cesta,16/07/2023,13:30:00,Vedro,Dan,Suh,0,0,1,Udar prednjim dijelom vozila,Urbano,Jednosmjerna cesta,Pravac,Ne,Bez raskrsnice,Bez prelaza,Ne,Ne,0,0,1,0,4,,,,,,,,,
540,43.84807264,18.359999,Lokalna cesta,26/07/2023,08:15:00,Oblačno,Dan,Mokar,0,0,1,Udar prednjim dijelom vozila,Urbano,Dvosmjerna cesta,Pravac,Ne,Bez raskrsnice,Bez prelaza,Ne,Ne,0,0,1,0,2,,,,,,,,,
541,43.847612,18.360701,Magistralna cesta,26/07/2023,08:40:00,Vedro,Dan,Suh,0,0,1,Sudar prilikom skretanja,Urbano,Jednosmjerna cesta,Pravac,Ne,Bez raskrsnice,Bez prelaza,Ne,Ne,0,0,1,0,3,,,,,,,,,
542,43.8542794,18.3663725,Lokalna cesta,02/08/2023,05:20:00,Vedro,Noć,Suh,0,0,2,Udar prednjim dijelom vozila,Urbano,Dvosmjerna cesta,Pravac,Ne,Bez raskrsnice,Bez prelaza,Ne,Ne,0,0,2,0,2,,,,,,,,,
543,43.8542794,18.3663725,Lokalna cesta,03/08/2023,18:30:00,Vedro,Dan,Suh,0,0,1,Udar prednjim dijelom vozila,Urbano,Dvosmjerna cesta,Pravac,Ne,Bez raskrsnice,Bez prelaza,Ne,Ne,0,0,1,0,2,,,,,,,,,
544,43.84983,18.36656,Lokalna cesta,04/08/2023,11:15:00,Vedro,Dan,Suh,0,0,1,Sudar prilikom skretanja,Urbano,Jednosmjerna cesta,Pravac,Ne,Bez raskrsnice,Bez prelaza,Ne,Ne,0,0,1,0,2,,,,,,,,,
545,43.845954,18.344589,Magistralna cesta,06/08/2023,15:15:00,Vedro,Dan,Suh,0,0,1,Udar prednjim dijelom vozila,Urbano,Jednosmjerna cesta,Pravac,Ne,Bez raskrsnice,Bez prelaza,Ne,Ne,0,0,1,0,2,,,,,,,,,
546,43.854283,18.36524,Regionalna cesta,06/09/2023,23:10:00,Vedro,Noć,Suh,0,0,1,Sudar vozila i e-romobila,Urbano,Dvosmjerna cesta,Pravac,Ne,Bez raskrsnice,Bez prelaza,Ne,Ne,0,0,1,0,1,,,1,,,,,,
547,43.8470941,18.3537126,Magistralna cesta,08/09/2023,10:05:00,Vedro,Dan,Suh,0,0,1,Udar prednjim dijelom vozila,Urbano,Jednosmjerna cesta,Pravac,Ne,Bez raskrsnice,Bez prelaza,Ne,Ne,0,0,1,0,2,,,,,,,,,
548,43.8470177,18.358188,Lokalna cesta,08/09/2023,11:15:00,Vedro,Dan,Suh,0,0,1,Udar u pješaka,Urbano,Dvosmjerna cesta,Pravac,Da,Bez raskrsnice,Bez prelaza,Ne,Ne,0,0,1,0,1,,,,,,,,,
549,43.84978159,18.37180205,Lokalna cesta,19/09/2023,09:30:00,Vedro,Dan,Suh,0,0,1,Udar zadnjim dijelom vozila,Urbano,Dvosmjerna cesta,Pravac,Ne,Bez raskrsnice,Bez prelaza,Ne,Ne,0,0,1,0,1,,,,,,,,,
550,43.84669,18.34939,Magistralna cesta,19/09/2023,13:55:00,Vedro,Dan,Suh,0,0,1,Udar prednjim dijelom vozila,Urbano,Jednosmjerna cesta,Pravac,Ne,Bez raskrsnice,Bez prelaza,Ne,Ne,0,0,1,0,2,,,,,,,,,
551,43.85281496,18.37634904,Lokalna cesta,23/09/2023,01:00:00,Vedro,Dan,Suh,0,0,2,Izlijetanje izvan kolovoza,Urbano,Dvosmjerna cesta,Pravac,Ne,Bez raskrsnice,Bez prelaza,Ne,Ne,0,0,2,0,1,,,,,,,,,
552,43.84610792,18.36519054,Regionalna cesta,23/09/2023,13:30:00,Vedro,Dan,Suh,0,0,1,Sudar prilikom obilaženja,Urbano,Dvosmjerna cesta,Krivina,Ne,Bez raskrsnice,Bez prelaza,Ne,Ne,0,0,1,0,2,,,,,,,,,
553,43.837153,18.347652,Regionalna cesta,27/09/2023,08:00:00,Vedro,Dan,Suh,0,0,1,Sudar vozila i motocikla,Urbano,Dvosmjerna cesta,Pravac,Ne,Bez raskrsnice,Bez prelaza,Ne,Ne,0,0,1,0,1,,,1,,,,,,
554,43.84807264,18.359999,Magistralna cesta,05/10/2023,12:30:00,Vedro,Dan,Suh,0,0,2,Udar prednjim dijelom vozila,Urbano,Jednosmjerna cesta,Pravac,Ne,Bez raskrsnice,Bez prelaza,Ne,Ne,0,0,2,0,2,,,,,,,,,
555,43.852438,18.358577,Regionalna cesta,14/10/2023,09:20:00,Vedro,Dan,Suh,0,0,1,Udar prednjim dijelom vozila,Urbano,Dvosmjerna cesta,Pravac,Ne,Bez raskrsnice,Bez prelaza,Ne,Ne,0,0,1,0,2,,,,,,,,,
556,43.8463,18.34858,Magistralna cesta,14/10/2023,14:25:00,Vedro,Dan,Suh,0,0,1,Udar prednjim dijelom vozila,Urbano,Jednosmjerna cesta,Pravac,Ne,Bez raskrsnice,Bez prelaza,Ne,Ne,0,0,1,0,3,,,,,,,,,
557,43.85097877,18.36680027,Lokalna cesta,14/10/2023,16:05:00,Vedro,Dan,Suh,0,0,1,Udar prednjim dijelom vozila,Urbano,Dvosmjerna cesta,Pravac,Ne,Bez raskrsnice,Bez prelaza,Ne,Ne,0,0,1,0,2,,,,,,,,,
558,43.85374785,18.364521,Regionalna cesta,23/10/2023,11:30:00,Vedro,Dan,Suh,0,0,1,Udar prednjim dijelom vozila,Urbano,Dvosmjerna cesta,Pravac,Ne,Bez raskrsnice,Bez prelaza,Ne,Ne,0,0,1,0,2,,,,,,,,,
559,43.8537246,18.3645299,Regionalna cesta,31/10/2023,23:30:00,Vedro,Noć,Suh,0,0,2,Udar prednjim dijelom vozila,Urbano,Dvosmjerna cesta,Pravac,Ne,Bez raskrsnice,Bez prelaza,Ne,Da,0,0,2,0,1,,,,,1,,,,
560,43.84,18.349,Regionalna cesta,07/11/2023,20:10:00,Oblačno,Noć,Mokar,0,0,1,Udar u pješaka,Urbano,Dvosmjerna cesta,Pravac,Ne,Bez raskrsnice,Bez prelaza,Ne,Da,0,0,1,0,1,,,,,,,,,
561,43.8581685,18.3576435,Lokalna cesta,20/11/2023,12:55:00,Oblačno,Dan,Suh,0,0,1,Sudar prilikom skretanja,Urbano,Dvosmjerna cesta,Pravac,Da,Bez raskrsnice,Bez prelaza,Ne,Ne,0,0,1,0,2,,,,,,,,,
562,43.84882,18.36501,Magistralna cesta,20/11/2023,20:30:00,Oblačno,Noć,Suh,0,0,1,Udar prednjim dijelom vozila,Urbano,Jednosmjerna cesta,Pravac,Ne,Bez raskrsnice,Bez prelaza,Ne,Da,0,0,1,0,2,,,,,,,,,
563,43.85716,18.3658,Lokalna cesta,24/11/2023,17:45:00,Oblačno,Noć,Mokar,0,0,1,Udar u pješaka,Urbano,Dvosmjerna cesta,Pravac,Da,Bez raskrsnice,Bez prelaza,Ne,Da,0,0,1,0,1,,,,,,,,,
564,43.849292,18.366768,Magistralna cesta,17/12/2023,12:30:00,Vedro,Dan,Suh,0,0,1,Udar prednjim dijelom vozila,Urbano,Jednosmjerna cesta,Pravac,Ne,Bez raskrsnice,Bez prelaza,Ne,Ne,0,0,1,0,1,,,1,,,,,,
565,43.84697,18.3516,Magistralna cesta,20/12/2023,18:00:00,Magla,Noć,Suh,0,0,1,Udar prednjim dijelom vozila,Urbano,Jednosmjerna cesta,Pravac,Ne,Bez raskrsnice,Bez prelaza,Ne,Da,0,0,1,0,4,,,,,,,,,
566,43.846112,18.34722,Magistralna cesta,25/12/2023,06:45:00,Vedro,Dan,Suh,0,0,1,Udar prednjim dijelom vozila,Urbano,Jednosmjerna cesta,Pravac,Ne,Bez raskrsnice,Bez prelaza,Ne,Ne,0,0,1,0,2,,,,,,,,,
567,43.85374785,18.364521,Regionalna cesta,28/12/2023,06:55:00,Magla,Dan,Suh,0,0,3,Sudar prilikom skretanja,Urbano,Dvosmjerna cesta,Pravac,Ne,Bez raskrsnice,Bez prelaza,Ne,Ne,0,0,3,0,2,,,,,,,,,
568,43.862276,18.343258,Lokalna cesta,06/01/2024,13:35:00,Oblačno,Dan,Mokar,0,0,1,Udar prednjim dijelom vozila,Urbano,Dvosmjerna cesta,Pravac,Da,Bez raskrsnice,Bez prelaza,Ne,Ne,0,0,1,0,1,,,,,,,,,
569,43.84841,18.2139,Magistralna cesta,14/01/2024,02:40:00,Vedro,Noć,Suh,0,0,1,Udar prednjim dijelom vozila,Urbano,Jednosmjerna cesta,Pravac,Ne,Bez raskrsnice,Bez prelaza,Ne,Da,0,0,1,0,2,,,,,,,,,
570,43.84938,18.30198,Lokalna cesta,19/01/2024,22:35:00,Oblačno,Noć,Mokar,0,1,0,Udar prednjim dijelom vozila,Urbano,Dvosmjerna cesta,Pravac,Ne,Bez raskrsnice,Bez prelaza,Ne,Da,0,0,1,0,1,,,,,,,,,
571,43.841228,18.353374,Lokalna cesta,17/02/2024,15:40:00,Vedro,Dan,Suh,0,1,0,Sudar prilikom skretanja,Urbano,Dvosmjerna cesta,Pravac,Ne,Bez raskrsnice,Bez prelaza,Ne,Ne,0,0,1,0,2,,,,,,,,,
572,43.845756,18.348165,Magistralna cesta,17/02/2024,21:50:00,Vedro,Noć,Suh,0,1,0,Udar prednjim dijelom vozila,Urbano,Jednosmjerna cesta,Pravac,Ne,Bez raskrsnice,Bez prelaza,Ne,Da,0,0,1,0,4,,,,,,,,,
573,43.85417,18.36644,Regionalna cesta,19/02/2024,12:30:00,Vedro,Dan,Suh,0,1,0,Sudar prilikom skretanja,Urbano,Dvosmjerna cesta,Pravac,Ne,T-raskrsnica,Pješački prelaz,Da,Ne,0,0,1,0,1,,,,,,,,,
574,43.8521,18.3562,Regionalna cesta,26/02/2024,06:00:00,Oblačno,Dan,Suh,0,0,1,Udar prednjim dijelom vozila,Urbano,Dvosmjerna cesta,Pravac,Ne,Bez raskrsnice,Bez prelaza,Ne,Ne,0,0,1,0,2,,,,,,,,,
575,43.852243,18.341078,Regionalna cesta,26/02/2024,21:40:00,Vedro,Noć,Suh,0,1,0,Udar prednjim dijelom vozila,Urbano,Dvosmjerna cesta,Pravac,Ne,Bez raskrsnice,Bez prelaza,Ne,Da,0,0,1,0,3,,,,,,,,,
576,43.8557706,18.38922926,Magistralna cesta,28/02/2024,19:05:00,Vedro,Noć,Suh,0,1,0,Udar u pješaka,Urbano,Jednosmjerna cesta,Pravac,Ne,Bez raskrsnice,Bez prelaza,Ne,Da,0,0,1,0,1,,,,,,,,,
577,43.84796,18.36548,Magistralna cesta,14/03/2024,13:30:00,Vedro,Dan,Suh,0,2,2,Sudar prilikom obilaženja,Urbano,Jednosmjerna cesta,Pravac,Ne,Bez raskrsnice,Bez prelaza,Ne,Ne,0,0,4,0,2,,,,,,,,,
578,43.85198,18.351,Regionalna cesta,15/03/2024,08:15:00,Vedro,Dan,Suh,0,1,0,Sudar prilikom preticanja,Urbano,Dvosmjerna cesta,Pravac,Ne,Bez raskrsnice,Bez prelaza,Ne,Ne,0,0,1,0,2,,,,,,,,,
579,43.8504,18.35969,Lokalna cesta,18/03/2024,12:00:00,Oblačno,Dan,Suh,0,0,1,Sudar prilikom skretanja,Urbano,Dvosmjerna cesta,Pravac,Ne,Bez raskrsnice,Bez prelaza,Ne,Ne,0,0,1,0,3,,,,,,,,,
580,43.844287,18.341444,Lokalna cesta,20/03/2024,06:30:00,Vedro,Dan,Suh,0,1,0,Izlijetanje izvan kolovoza,Urbano,Dvosmjerna cesta,Pravac,Ne,Bez raskrsnice,Bez prelaza,Ne,Ne,0,0,1,0,1,,,,,,,,,
581,43.842299,18.357689,Lokalna cesta,21/03/2024,07:15:00,Vedro,Dan,Suh,0,1,0,Udar u pješaka,Urbano,Dvosmjerna cesta,Pravac,Da,Bez raskrsnice,Bez prelaza,Ne,Ne,0,0,1,0,1,,,,,,,,,
582,43.8037,18.2126,Magistralna cesta,22/03/2024,16:00:00,Vedro,Dan,Suh,0,1,0,Udar prednjim dijelom vozila,Urbano,Jednosmjerna cesta,Pravac,Ne,Bez raskrsnice,Bez prelaza,Ne,Ne,0,0,1,0,2,,,,,,,,,
583,43.861944,18.364722,Lokalna cesta,04/04/2024,12:30:00,Vedro,Dan,Suh,0,1,0,Udar prednjim dijelom vozila,Urbano,Dvosmjerna cesta,Pravac,Da,Bez raskrsnice,Bez prelaza,Ne,Ne,0,0,1,0,3,,,,,,,,,
584,43.84588,18.4642,Magistralna cesta,05/04/2024,07:05:00,Vedro,Dan,Suh,0,0,2,Udar prednjim dijelom vozila,Urbano,Jednosmjerna cesta,Pravac,Ne,Bez raskrsnice,Bez prelaza,Ne,Ne,0,0,0,0,4,,,,,,,,,
585,43.788935,18.335988,Lokalna cesta,08/04/2024,09:10:00,Vedro,Dan,Suh,0,1,0,Udar u pješaka,Urbano,Dvosmjerna cesta,Pravac,Ne,Bez raskrsnice,Bez prelaza,Ne,Ne,0,0,1,0,1,,,,,,,,,
586,43.85066,18.36273,Lokalna cesta,08/04/2024,17:10:00,Vedro,Dan,Suh,0,1,3,Udar prednjim dijelom vozila,Urbano,Dvosmjerna cesta,Pravac,Ne,Bez raskrsnice,Bez prelaza,Ne,Ne,0,0,4,0,4,,,,,,,,,
587,43.8477,18.336573,Lokalna cesta,11/04/2024,11:25:00,Vedro,Dan,Suh,0,1,0,Sudar prilikom skretanja,Urbano,Dvosmjerna cesta,Pravac,Da,Bez raskrsnice,Bez prelaza,Ne,Ne,0,0,1,0,2,,,,,,,,,
588,43.860981,18.358062,Lokalna cesta,11/04/2024,13:10:00,Vedro,Dan,Suh,0,1,0,Udar prednjim dijelom vozila,Urbano,Dvosmjerna cesta,Pravac,Da,Bez raskrsnice,Bez prelaza,Ne,Ne,0,0,1,0,1,,,,,,,,,
589,43.852918,18.362188,Regionalna cesta,24/04/2024,10:50:00,Vedro,Dan,Suh,0,2,0,Udar u pješaka,Urbano,Dvosmjerna cesta,Pravac,Ne,Bez raskrsnice,Bez prelaza,Ne,Ne,0,0,2,0,1,,,,,,,,,
590,43.852951,18.362408,Regionalna cesta,30/04/2024,18:45:00,Vedro,Dan,Suh,0,1,1,Udar prednjim dijelom vozila,Urbano,Dvosmjerna cesta,Pravac,Ne,Bez raskrsnice,Bez prelaza,Ne,Ne,0,0,2,0,3,,,,,,,,,
591,43.86299,18.352,Lokalna cesta,03/05/2024,05:50:00,Vedro,Dan,Suh,0,1,0,Udar zadnjim dijelom vozila,Urbano,Dvosmjerna cesta,Pravac,Da,Bez raskrsnice,Bez prelaza,Ne,Ne,0,0,1,0,2,,,,,,,,,
592,43.85896553,18.35389081,Lokalna cesta,17/05/2024,17:45:00,Vedro,Dan,Suh,0,1,1,Udar prednjim dijelom vozila,Urbano,Dvosmjerna cesta,Pravac,Da,Bez raskrsnice,Bez prelaza,Ne,Ne,0,0,2,0,2,,,,,,,,,
593,43.85223,18.33908,Regionalna cesta,22/05/2024,18:35:00,Vedro,Dan,Suh,0,1,0,Udar prednjim dijelom vozila,Urbano,Dvosmjerna cesta,Pravac,Da,Bez raskrsnice,Bez prelaza,Ne,Ne,0,0,1,0,3,,,,,,,,,
594,43.84807264,18.359999,Magistralna cesta,22/05/2024,12:00:00,Vedro,Dan,Suh,0,1,0,Udar prednjim dijelom vozila,Urbano,Jednosmjerna cesta,Pravac,Ne,Bez raskrsnice,Bez prelaza,Ne,Ne,0,0,1,0,2,,,,,,,,,
595,43.8501,18.35868,Lokalna cesta,23/05/2024,16:30:00,Vedro,Dan,Suh,0,1,0,Sudar prilikom skretanja,Urbano,Dvosmjerna cesta,Pravac,Ne,Bez raskrsnice,Bez prelaza,Ne,Ne,0,0,1,0,2,,,,,,,,,
596,43.850067,18.358641,Lokalna cesta,06/06/2024,14:00:00,Vedro,Dan,Suh,0,1,3,Sudar prilikom skretanja,Urbano,Dvosmjerna cesta,Pravac,Ne,Bez raskrsnice,Bez prelaza,Ne,Ne,0,0,4,0,1,,,,1,,,,,
597,43.84782,18.35693,Magistralna cesta,07/06/2024,13:25:00,Vedro,Dan,Suh,0,1,0,Udar prednjim dijelom vozila,Urbano,Jednosmjerna cesta,Pravac,Ne,Bez raskrsnice,Bez prelaza,Ne,Ne,0,0,1,0,3,,,,,,,,,
598,43.8474,18.35584,Magistralna cesta,15/06/2024,17:25:00,Vedro,Dan,Suh,0,1,0,Udar prednjim dijelom vozila,Urbano,Jednosmjerna cesta,Pravac,Ne,Bez raskrsnice,Bez prelaza,Ne,Ne,0,0,1,0,,,,,1,,,,,
599,43.8519,18.34496,Regionalna cesta,21/06/2024,18:15:00,Vedro,Dan,Suh,0,1,0,Sudar prilikom skretanja,Urbano,Dvosmjerna cesta,Pravac,Ne,Bez raskrsnice,Bez prelaza,Ne,Ne,0,0,0,0,2,,,,,,,,,
600,43.8454,18.344108,Magistralna cesta,28/06/2024,16:45:00,Vedro,Dan,Suh,0,1,0,Udar zadnjim dijelom vozila,Urbano,Jednosmjerna cesta,Pravac,Ne,Bez raskrsnice,Bez prelaza,Ne,Ne,0,0,1,0,2,,,,,,,,,
601,43.84807264,18.359999,Magistralna cesta,28/06/2024,19:10:00,Vedro,Sumrak,Suh,0,1,0,Udar zadnjim dijelom vozila,Urbano,Jednosmjerna cesta,Pravac,Ne,Bez raskrsnice,Bez prelaza,Ne,Ne,0,0,1,0,5,,,,,,,,,
602,43.84823,18.35958,Magistralna cesta,29/06/2024,23:15:00,Vedro,Noć,Suh,0,1,0,Udar prednjim dijelom vozila,Urbano,Jednosmjerna cesta,Pravac,Ne,Bez raskrsnice,Bez prelaza,Ne,Ne,0,0,1,0,2,,,,,,,,,
603,43.84787,18.35818,Magistralna cesta,02/07/2024,12:15:00,Vedro,Dan,Suh,0,2,0,Udar prednjim dijelom vozila,Urbano,Jednosmjerna cesta,Pravac,Ne,Bez raskrsnice,Bez prelaza,Ne,Ne,0,0,2,0,2,,,,,,,,,
604,43.84738,18.35367,Magistralna cesta,18/07/2024,21:40:00,Vedro,Dan,Suh,0,1,0,Udar prednjim dijelom vozila,Urbano,Jednosmjerna cesta,Pravac,Ne,Bez raskrsnice,Bez prelaza,Ne,Ne,0,0,1,0,,,,1,,,,,,
605,43.84807264,18.359999,Magistralna cesta,19/07/2024,13:00:00,Vedro,Dan,Suh,0,1,0,Sudar prilikom obilaženja,Urbano,Jednosmjerna cesta,Pravac,Ne,Bez raskrsnice,Bez prelaza,Ne,Ne,0,0,1,0,3,,,,,,,,,
606,43.8508908,18.37183916,Lokalna cesta,20/07/2024,13:30:00,Vedro,Dan,Suh,0,0,1,Sudar vozila i motocikla,Urbano,Dvosmjerna cesta,Pravac,Ne,Bez raskrsnice,Bez prelaza,Ne,Ne,0,0,1,0,1,,,,1,,,,,
607,43.85097877,18.36680027,Lokalna cesta,29/07/2024,16:40:00,Vedro,Dan,Suh,0,2,0,Udar prednjim dijelom vozila,Urbano,Dvosmjerna cesta,Pravac,Ne,Bez raskrsnice,Bez prelaza,Ne,Ne,0,0,2,0,1,,,,,,,,,
608,43.84371,18.36356,Regionalna cesta,30/07/2024,23:45:00,Vedro,Noć,Suh,0,1,0,Sudar prilikom skretanja,Urbano,Dvosmjerna cesta,Pravac,Ne,Bez raskrsnice,Bez prelaza,Ne,Da,0,0,1,0,1,,,,,1,,,,
609,43.84807264,18.359999,Magistralna cesta,06/08/2024,11:30:00,Vedro,Dan,Suh,0,1,0,Udar prednjim dijelom vozila,Urbano,Jednosmjerna cesta,Pravac,Ne,Bez raskrsnice,Bez prelaza,Ne,Ne,0,0,1,0,4,,,,,,,,,
610,43.8542794,18.3663725,Lokalna cesta,11/08/2024,11:05:00,Vedro,Dan,Suh,0,1,0,Udar prednjim dijelom vozila,Urbano,Dvosmjerna cesta,Pravac,Da,Bez raskrsnice,Bez prelaza,Ne,Ne,0,0,1,0,2,,,,,,,,,
611,43.85537796,18.36610428,Lokalna cesta,12/08/2024,17:30:00,Vedro,Dan,Suh,0,1,0,Sudar prilikom obilaženja,Urbano,Dvosmjerna cesta,Pravac,Da,Bez raskrsnice,Bez prelaza,Ne,Ne,0,0,1,0,2,,,,,,,,,
612,43.84785592,18.35893684,Magistralna cesta,12/08/2024,09:40:00,Vedro,Dan,Suh,0,0,1,Izlijetanje izvan kolovoza,Urbano,Jednosmjerna cesta,Pravac,Ne,Bez raskrsnice,Bez prelaza,Ne,Ne,0,0,0,0,1,,,,1,,,,,
613,43.84403,18.35703,Lokalna cesta,18/08/2024,21:30:00,Vedro,Noć,Suh,0,1,0,Udar prednjim dijelom vozila,Urbano,Dvosmjerna cesta,Pravac,Da,Bez raskrsnice,Bez prelaza,Ne,Da,0,0,1,0,1,,,,,,,,,
614,43.84944312,18.34612362,Lokalna cesta,23/08/2024,22:10:00,Vedro,Noć,Suh,0,1,0,Udar prednjim dijelom vozila,Urbano,Dvosmjerna cesta,Pravac,Ne,Bez raskrsnice,Bez prelaza,Ne,Da,0,0,1,0,3,,,,,,,,,
615,43.84881,18.36391,Magistralna cesta,09/09/2024,08:55:00,Vedro,Dan,Suh,0,1,0,Sudar prilikom skretanja,Urbano,Jednosmjerna cesta,Pravac,Ne,Bez raskrsnice,Bez prelaza,Ne,Ne,0,0,1,0,2,,,,,,,,,
616,43.85095267,18.37046591,Lokalna cesta,26/09/2024,14:31:00,Vedro,Dan,Suh,0,1,0,Udar prednjim dijelom vozila,Urbano,Dvosmjerna cesta,Pravac,Ne,Bez raskrsnice,Bez prelaza,Ne,Ne,0,0,1,0,1,,,,,,,,,
617,43.85095267,18.37046591,Lokalna cesta,27/09/2024,12:30:00,Vedro,Dan,Suh,0,1,1,Sudar prilikom skretanja,Urbano,Dvosmjerna cesta,Pravac,Ne,Bez raskrsnice,Bez prelaza,Ne,Ne,0,0,2,0,2,,,,,,,,,
618,43.85558782,18.36601995,Lokalna cesta,02/10/2024,14:30:00,Vedro,Dan,Suh,0,1,0,Udar u pješaka,Urbano,Dvosmjerna cesta,Pravac,Ne,Bez raskrsnice,Bez prelaza,Ne,Ne,0,0,1,0,1,,,,,,,,,
619,43.852339,18.33917,Regionalna cesta,08/10/2024,11:30:00,Vedro,Dan,Suh,0,3,0,Udar prednjim dijelom vozila,Urbano,Dvosmjerna cesta,Pravac,Ne,Bez raskrsnice,Bez prelaza,Ne,Ne,0,0,1,0,2,,,,,,,,,
620,43.84560975,18.3552127,Lokalna cesta,15/10/2024,07:40:00,Vedro,Dan,Suh,0,1,0,Sudar prilikom skretanja,Urbano,Dvosmjerna cesta,Pravac,Ne,Bez raskrsnice,Bez prelaza,Ne,Ne,0,0,1,0,1,,,,,,,,,
621,43.85558782,18.36601995,Lokalna cesta,15/10/2024,23:15:00,Vedro,Noć,Suh,0,0,2,Udar prednjim dijelom vozila,Urbano,Dvosmjerna cesta,Pravac,Da,Bez raskrsnice,Bez prelaza,Da,Ne,0,0,2,0,1,,,,,,,,,
622,43.85432,18.36634,Lokalna cesta,17/10/2024,13:50:00,Vedro,Dan,Suh,0,0,1,Udar prednjim dijelom vozila,Urbano,Dvosmjerna cesta,Pravac,Da,Bez raskrsnice,Bez prelaza,Ne,Ne,0,0,1,0,2,,,,,,,,,
623,43.850914,18.367306,Lokalna cesta,23/10/2024,13:10:00,Vedro,Dan,Suh,0,1,0,Sudar prilikom skretanja,Urbano,Dvosmjerna cesta,Pravac,Ne,Bez raskrsnice,Bez prelaza,Ne,Ne,0,0,1,0,2,,,,,,,,,
624,43.8472,18.3735,Lokalna cesta,28/10/2024,17:50:00,Oblačno,Dan,Suh,0,1,0,Udar prednjim dijelom vozila,Urbano,Dvosmjerna cesta,Pravac,Ne,Bez raskrsnice,Bez prelaza,Ne,Ne,0,0,1,0,2,,,,,,,,,
625,43.84716326,18.3737087,Lokalna cesta,31/10/2024,22:10:00,Vedro,Noć,Suh,0,1,1,Sudar prilikom skretanja,Urbano,Dvosmjerna cesta,Pravac,Ne,Bez raskrsnice,Bez prelaza,Da,Ne,0,0,0,0,2,,,,,,,,,
626,43.84807264,18.359999,Magistralna cesta,01/11/2024,17:30:00,Vedro,Dan,Suh,0,1,1,Sudar prilikom obilaženja,Urbano,Jednosmjerna cesta,Pravac,Ne,Bez raskrsnice,Bez prelaza,Ne,Ne,0,0,2,0,2,,,,,,,,,
627,43.846184,18.346193,Magistralna cesta,06/11/2024,07:30:00,Vedro,Dan,Suh,0,1,0,Udar prednjim dijelom vozila,Urbano,Jednosmjerna cesta,Pravac,Ne,Bez raskrsnice,Bez prelaza,Ne,Ne,0,0,1,0,2,,,,,1,,,,
628,43.861075,18.358049,Lokalna cesta,12/11/2024,12:20:00,Vedro,Dan,Suh,0,1,0,Udar zadnjim dijelom vozila,Urbano,Dvosmjerna cesta,Pravac,Da,Bez raskrsnice,Bez prelaza,Ne,Ne,0,0,1,0,2,,,,,,,,,
629,43.8482,18.36044,Magistralna cesta,13/11/2024,20:04:00,Vedro,Noć,Suh,0,1,0,Udar u pješaka,Urbano,Jednosmjerna cesta,Pravac,Ne,Bez raskrsnice,Bez prelaza,Da,Ne,0,0,1,0,1,,,,,,,,,
630,43.84807264,18.359999,Magistralna cesta,15/11/2024,15:10:00,Vedro,Dan,Suh,0,1,0,Udar prednjim dijelom vozila,Urbano,Jednosmjerna cesta,Pravac,Ne,Bez raskrsnice,Bez prelaza,Ne,Ne,0,0,1,0,6,,,,,,,,,
631,43.85226,18.34079,Regionalna cesta,16/11/2024,19:45:00,Vedro,Noć,Suh,0,2,0,Udar u pješaka,Urbano,Dvosmjerna cesta,Pravac,Ne,Bez raskrsnice,Bez prelaza,Ne,Da,0,0,2,0,1,,,,,,,,,
632,43.850914,18.367306,Lokalna cesta,22/11/2024,17:15:00,Oblačno,Dan,Mokar,0,1,0,Udar prednjim dijelom vozila,Urbano,Dvosmjerna cesta,Pravac,Ne,Bez raskrsnice,Bez prelaza,Da,Ne,0,0,1,0,1,,,,,,,,,
633,43.885083,18.36545,Lokalna cesta,27/11/2024,10:09:00,Vedro,Dan,Suh,0,1,0,Udar prednjim dijelom vozila,Urbano,Dvosmjerna cesta,Pravac,Ne,Bez raskrsnice,Bez prelaza,Ne,Ne,0,0,1,0,1,,,,,,,,,
634,43.8441,18.34112,Lokalna cesta,01/12/2024,18:40:00,Vedro,Noć,Suh,0,1,0,Sudar prilikom skretanja,Urbano,Dvosmjerna cesta,Pravac,Ne,Bez raskrsnice,Bez prelaza,Ne,Da,0,0,1,0,2,,,,,,,,,
635,43.84948,18.3652,Magistralna cesta,02/12/2024,08:55:00,Vedro,Dan,Suh,0,1,0,Udar u pješaka,Urbano,Jednosmjerna cesta,Pravac,Ne,Bez raskrsnice,Bez prelaza,Da,Ne,0,0,1,0,1,,,,,,,,,
636,43.8036,18.2037,Lokalna cesta,07/12/2024,17:50:00,Vedro,Dan,Suh,0,0,1,Udar u pješaka,Urbano,Dvosmjerna cesta,Pravac,Da,Bez raskrsnice,Bez prelaza,Ne,Ne,0,0,0,0,1,,,,,,,,,
637,43.852339,18.33917,Regionalna cesta,13/12/2024,15:15:00,Vedro,Dan,Suh,0,1,0,Sudar prilikom skretanja,Urbano,Dvosmjerna cesta,Pravac,Ne,Bez raskrsnice,Bez prelaza,Ne,Ne,0,0,1,0,2,,,,,,,,,
638,43.84907763,18.36529924,Magistralna cesta,15/12/2024,00:50:00,Vedro,Noć,Suh,0,1,0,Sudar prilikom obilaženja,Urbano,Jednosmjerna cesta,Pravac,Ne,Bez raskrsnice,Bez prelaza,Ne,Da,0,0,1,0,2,,,,,,,,,
639,43.85081,18.366179,Lokalna cesta,27/12/2024,19:05:00,Vedro,Noć,Suh,0,1,0,Udar prednjim dijelom vozila,Urbano,Dvosmjerna cesta,Pravac,Ne,Bez raskrsnice,Bez prelaza,Ne,Da,0,0,1,0,3,,,,,,,,,
640,43.845441,18.277777,Regionalna cesta,02/09/2022,15:22:00,Vedro,Dan,Suh,0,1,0,Sudar vozila i bicikla,Urbano,Dvosmjerna cesta,Pravac,Ne,Bez raskrsnice,Bez prelaza,Ne,Da,0,0,1,0,1,,1,,,,,,,
641,43.8247,18.30773,Lokalna cesta,12/09/2022,16:00:00,Vedro,Dan,Suh,0,1,0,Udar prednjim dijelom vozila,Urbano,Jednosmjerna cesta,Pravac,Ne,Bez raskrsnice,Bez prelaza,Ne,Da,0,0,1,0,2,,,,,,,,,
642,43.83798,18.26042,Magistralna cesta,20/09/2022,13:30:00,Kiša,Dan,Mokar,0,0,1,Sudar prilikom obilaženja,Urbano,Jednosmjerna cesta,Pravac,Ne,Bez raskrsnice,Bez prelaza,Ne,Da,0,0,0,0,2,,,,,,,,,
643,43.85602,18.29929,Regionalna cesta,01/10/2022,18:45:00,Kiša,Noć,Mokar,0,1,0,Udar prednjim dijelom vozila,Urbano,Dvosmjerna cesta,Pravac,Ne,Bez raskrsnice,Bez prelaza,Ne,Ne,0,0,1,0,2,,,,,,,,,
644,43.83013,18.31171,Lokalna cesta,02/10/2022,18:20:00,Oblačno,Noć,Suh,0,2,0,Sudar vozila i motocikla,Urbano,Jednosmjerna cesta,Pravac,Ne,Bez raskrsnice,Bez prelaza,Ne,Da,0,0,2,0,2,,,,1,,,,,
645,43.83031,18.30531,Lokalna cesta,16/10/2022,20:20:00,Vedro,Noć,Suh,0,0,3,Sudar prilikom skretanja,Urbano,Dvosmjerna cesta,Pravac,Ne,Četverokraka raskrsnica,Pješački prelaz,Ne,Da,0,0,0,0,2,,,,,,,,,1
646,43.83367,18.27428,Regionalna cesta,17/10/2022,14:15:00,Vedro,Dan,Suh,0,1,0,Izlijetanje izvan kolovoza,Ruralno,Dvosmjerna cesta,Pravac,Ne,Bez raskrsnice,Bez prelaza,Ne,Da,0,0,1,0,1,,,,,,,,,
647,43.86682,18.2858,Regionalna cesta,29/10/2022,13:46:00,Vedro,Dan,Suh,0,0,7,Udar prednjim dijelom vozila,Urbano,Dvosmjerna cesta,Pravac,Ne,Bez raskrsnice,Bez prelaza,Ne,Da,0,0,7,0,2,,,,,,,,,
648,43.83165,18.32468,Lokalna cesta,05/11/2022,11:10:00,Kiša,Dan,Mokar,0,1,0,Sudar prilikom preticanja,Urbano,Dvosmjerna cesta,Pravac,Ne,Bez raskrsnice,Bez prelaza,Ne,Da,0,0,1,0,2,,,,,,,,,
649,43.810503,18.310251,Lokalna cesta,05/11/2022,13:30:00,Kiša,Dan,Mokar,0,1,0,Udar prednjim dijelom vozila,Urbano,Jednosmjerna cesta,Pravac,Ne,Bez raskrsnice,Bez prelaza,Ne,Da,0,0,1,0,2,,,,,1,,,,
650,43.83228,18.30636,Magistralna cesta,17/11/2022,15:05:00,Vedro,Dan,Suh,0,1,0,Udar prednjim dijelom vozila,Urbano,Dvosmjerna cesta,Pravac,Ne,Bez raskrsnice,Bez prelaza,Ne,Da,0,0,1,0,1,,,,1,,,,,
651,43.7959,18.32068,Regionalna cesta,21/11/2022,12:20:00,Oblačno,Dan,Suh,0,1,0,Udar prednjim dijelom vozila,Urbano,Dvosmjerna cesta,Pravac,Ne,Bez raskrsnice,Bez prelaza,Ne,Da,0,0,1,0,3,,,,,,,,,
652,43.83189,18.30809,Lokalna cesta,24/11/2022,08:40:00,Oblačno,Dan,Suh,0,1,0,Bočni udar tramvaja sa pješakom,Urbano,Dvosmjerna cesta,Pravac,Ne,Kružni tok,Pješački prelaz,Ne,Da,0,0,1,0,,,,,,,,,,
653,43.82217,18.30698,Lokalna cesta,30/11/2022,11:50:00,Kiša,Dan,Mokar,0,1,0,Udar u pješaka,Urbano,Dvosmjerna cesta,Pravac,Ne,Bez raskrsnice,Pješački prelaz,Da,Da,0,0,1,0,1,,,,,,,,,
654,43.83206,18.32354,Lokalna cesta,26/12/2022,15:10:00,Oblačno,Dan,Suh,0,0,1,Udar u pješaka,Urbano,Dvosmjerna cesta,Pravac,Ne,Bez raskrsnice,Bez prelaza,Ne,Da,0,0,0,0,1,,,,,,,,,
655,43.84811,18.3134,Regionalna cesta,06/01/2023,18:20:00,Vedro,Noć,Suh,0,1,0,Udar u pješaka,Urbano,Dvosmjerna cesta,Pravac,Ne,Bez raskrsnice,Bez prelaza,Ne,Da,0,0,1,0,1,,,,,,,,,
656,43.83043,18.2734,Magistralna cesta,08/01/2023,12:20:00,Vedro,Dan,Suh,0,0,1,Udar prednjim dijelom vozila,Urbano,Dvosmjerna cesta,Pravac,Ne,Bez raskrsnice,Bez prelaza,Ne,Da,0,0,0,0,2,,,,,,,,,
657,43.8303,18.30528,Lokalna cesta,14/01/2023,17:45:00,Oblačno,Dan,Suh,0,1,0,Udar u pješaka,Urbano,Dvosmjerna cesta,Pravac,Ne,Bez raskrsnice,Pješački prelaz,Da,Da,0,0,1,0,1,,,,,,,,,
658,43.82223,18.30697,Lokalna cesta,18/01/2023,18:30:00,Kiša,Noć,Mokar,0,1,0,Udar u pješaka,Urbano,Dvosmjerna cesta,Pravac,Ne,Bez raskrsnice,Bez prelaza,Ne,Da,0,0,1,0,1,,,,,,,,,
659,43.83484,18.31262,Lokalna cesta,23/01/2023,22:30:00,Oblačno,Noć,Suh,0,1,0,Sudar prilikom obilaženja,Urbano,Dvosmjerna cesta,Pravac,Ne,Bez raskrsnice,Bez prelaza,Ne,Da,0,0,1,0,2,,,,,,,,,
660,43.814468,18.311803,Lokalna cesta,29/01/2023,20:30:00,Oblačno,Noć,Suh,0,1,1,Izlijetanje izvan kolovoza,Urbano,Jednosmjerna cesta,Pravac,Ne,Bez raskrsnice,Bez prelaza,Ne,Da,0,0,2,0,1,,,,,,,,,
661,43.83062,18.31115,Lokalna cesta,22/02/2023,14:25:00,Vedro,Dan,Suh,0,1,1,Sudar vozila i motocikla,Urbano,Jednosmjerna cesta,Pravac,Ne,Bez raskrsnice,Bez prelaza,Ne,Da,0,0,2,0,1,,,,1,,,,,
662,43.823217,18.319413,Lokalna cesta,26/02/2023,19:15:00,Sa snijegom,Noć,Mokar,0,1,0,Udar prednjim dijelom vozila,Urbano,Jednosmjerna cesta,Pravac,Ne,Bez raskrsnice,Bez prelaza,Ne,Ne,0,0,1,0,2,,,,,,,,,
663,43.83241,18.32125,Lokalna cesta,28/02/2023,00:20:00,Sa snijegom,Noć,Mokar,0,1,0,Udar u pješaka,Urbano,Dvosmjerna cesta,Pravac,Ne,Bez raskrsnice,Bez prelaza,Ne,Ne,0,0,1,0,1,,,,,,,,,
664,43.84857,18.24739,Lokalna cesta,06/03/2023,07:30:00,Vedro,Dan,Suh,0,1,0,Udar u pješaka,Ruralno,Dvosmjerna cesta,Pravac,Ne,Bez raskrsnice,Bez prelaza,Ne,Da,0,0,1,0,1,,,,,,,,,
665,43.8294,18.31302,Lokalna cesta,08/03/2023,20:00:00,Vedro,Noć,Suh,0,1,0,Sudar prilikom preticanja,Urbano,Jednosmjerna cesta,Pravac,Ne,Bez raskrsnice,Bez prelaza,Ne,Da,0,0,1,0,4,,,,,,,,,
666,43.835954,18.298926,Lokalna cesta,13/03/2023,12:40:00,Vedro,Dan,Suh,0,1,0,Udar prednjim dijelom vozila,Urbano,Dvosmjerna cesta,Pravac,Ne,Bez raskrsnice,Bez prelaza,Ne,Da,0,0,1,0,3,,,,,,,,,
667,43.82416,18.31995,Lokalna cesta,27/03/2023,22:00:00,Kiša,Noć,Mokar,0,1,0,Udar u pješaka,Urbano,Jednosmjerna cesta,Pravac,Ne,Bez raskrsnice,Bez prelaza,Ne,Da,0,0,1,0,1,,,,,,,,,
668,43.83598,18.29903,Lokalna cesta,08/04/2023,19:00:00,Vedro,Noć,Suh,0,1,0,Sudar prilikom skretanja,Urbano,Dvosmjerna cesta,Pravac,Ne,Bez raskrsnice,Bez prelaza,Ne,Da,0,0,1,0,2,,,,,,,,,
669,43.84511,18.32634,Regionalna cesta,09/04/2023,21:40:00,Vedro,Noć,Suh,0,2,1,Udar prednjim dijelom vozila,Urbano,Dvosmjerna cesta,Pravac,Ne,Bez raskrsnice,Bez prelaza,Ne,Da,0,0,3,0,2,,,,,,,,,
670,43.83175,18.30924,Lokalna cesta,11/04/2023,18:00:00,Vedro,Dan,Suh,0,1,0,Sudar prilikom preticanja,Urbano,Jednosmjerna cesta,Pravac,Ne,Bez raskrsnice,Bez prelaza,Ne,Da,0,0,1,0,2,,,,,,,,,
671,43.84587,18.32723,Regionalna cesta,17/04/2023,18:00:00,Kiša,Dan,Mokar,0,1,0,Udar prednjim dijelom vozila,Urbano,Dvosmjerna cesta,Krivina,Ne,Bez raskrsnice,Bez prelaza,Ne,Da,0,0,1,0,2,,,,,,,,,
672,43.83224,18.30446,Magistralna cesta,18/04/2023,12:30:00,Kiša,Dan,Mokar,0,1,0,Udar prednjim dijelom vozila,Urbano,Jednosmjerna cesta,Pravac,Ne,Bez raskrsnice,Bez prelaza,Ne,Da,0,0,1,0,2,,,,,,,,,
673,43.834012,18.312145,Lokalna cesta,20/04/2023,15:10:00,Vedro,Dan,Suh,0,1,0,Udar prednjim dijelom vozila,Urbano,Dvosmjerna cesta,Pravac,Ne,Bez raskrsnice,Bez prelaza,Ne,Da,0,0,1,0,2,,,,,,,,,
674,43.83409,18.31987,Lokalna cesta,26/04/2023,22:05:00,Vedro,Noć,Suh,0,1,0,Udar prednjim dijelom vozila,Urbano,Dvosmjerna cesta,Pravac,Ne,Bez raskrsnice,Bez prelaza,Ne,Da,0,0,1,0,2,,,,,,,,,
675,43.85581,18.29933,Regionalna cesta,27/04/2023,14:15:00,Vedro,Dan,Suh,0,1,0,Sudar prilikom obilaženja,Urbano,Dvosmjerna cesta,Pravac,Ne,Bez raskrsnice,Bez prelaza,Ne,Ne,0,0,1,0,1,,,,,1,,,,
676,43.847141,18.31529,Regionalna cesta,29/04/2023,17:20:00,Vedro,Dan,Suh,0,2,0,Udar prednjim dijelom vozila,Urbano,Dvosmjerna cesta,Pravac,Ne,Bez raskrsnice,Bez prelaza,Ne,Da,0,0,2,0,2,,,,,,,,,
677,43.86133,18.25009,Lokalna cesta,01/05/2023,16:00:00,Vedro,Dan,Suh,0,0,1,Udar prednjim dijelom vozila,Ruralno,Dvosmjerna cesta,Pravac,Ne,Bez raskrsnice,Bez prelaza,Ne,Da,0,0,0,0,2,,,,,,,,,
678,43.82949,18.3155,Lokalna cesta,03/05/2023,10:53:00,Vedro,Dan,Suh,0,1,0,Sudar prilikom skretanja,Urbano,Jednosmjerna cesta,Pravac,Ne,Bez raskrsnice,Bez prelaza,Ne,Da,0,0,1,0,2,,,,,,,,,
679,43.85584,18.29914,Regionalna cesta,09/05/2023,22:00:00,Vedro,Noć,Suh,0,1,0,Udar prednjim dijelom vozila,Urbano,Dvosmjerna cesta,Pravac,Ne,Bez raskrsnice,Bez prelaza,Ne,Da,0,0,1,0,3,,,,,,,,,
680,43.82551,18.31451,Lokalna cesta,11/05/2023,00:35:00,Oblačno,Noć,Mokar,0,1,0,Izlijetanje izvan kolovoza,Urbano,Jednosmjerna cesta,Pravac,Ne,Bez raskrsnice,Bez prelaza,Ne,Da,0,0,1,0,1,,,,,,,,,
681,43.83374,18.31204,Lokalna cesta,11/05/2023,09:45:00,Kiša,Dan,Mokar,0,2,0,Izlijetanje izvan kolovoza,Urbano,Dvosmjerna cesta,Pravac,Ne,Bez raskrsnice,Bez prelaza,Ne,Da,0,0,2,0,1,,,,,,,,,
682,43.85747,18.25439,Lokalna cesta,11/05/2023,15:20:00,Kiša,Dan,Mokar,0,1,0,Udar u pješaka,Ruralno,Dvosmjerna cesta,Pravac,Ne,Bez raskrsnice,Bez prelaza,Ne,Da,0,0,1,0,1,,,,,,,,,
683,43.82161,18.30734,Lokalna cesta,15/05/2023,21:00:00,Kiša,Noć,Mokar,0,2,0,Udar prednjim dijelom vozila,Urbano,Jednosmjerna cesta,Pravac,Ne,Bez raskrsnice,Bez prelaza,Ne,Da,0,0,2,0,2,,,,,,,,,
684,43.75388,18.34255,Regionalna cesta,20/05/2023,15:30:00,Vedro,Dan,Suh,0,0,1,Sudar prilikom preticanja,Ruralno,Dvosmjerna cesta,Krivina,Da,Bez raskrsnice,Bez prelaza,Ne,Ne,0,0,0,0,2,,,,,,,,,
685,43.82963,18.303408,Lokalna cesta,01/07/2023,13:30:00,Vedro,Dan,Suh,0,1,0,Udar prednjim dijelom vozila,Urbano,Dvosmjerna cesta,Pravac,Ne,Bez raskrsnice,Bez prelaza,Ne,Da,0,0,1,0,1,,,,,,,,,
686,43.8296,18.31468,Lokalna cesta,11/07/2023,18:50:00,Vedro,Dan,Suh,0,1,0,Udar u pješaka,Urbano,Jednosmjerna cesta,Pravac,Ne,Bez raskrsnice,Pješački prelaz,Ne,Da,0,0,1,0,1,,,,,,,,,
687,43.82002,18.3107,Lokalna cesta,31/07/2023,20:40:00,Vedro,Noć,Suh,0,1,0,Udar u pješaka,Urbano,Jednosmjerna cesta,Pravac,Ne,Bez raskrsnice,Pješački prelaz,Da,Da,0,0,1,0,1,,,,,,,,,
688,43.83259,18.30851,Lokalna cesta,07/08/2023,11:30:00,Vedro,Dan,Suh,0,2,0,Udar u pješaka,Urbano,Dvosmjerna cesta,Pravac,Ne,Bez raskrsnice,Pješački prelaz,Ne,Da,0,0,2,0,1,,,,,,,,,
689,43.845546,18.277894,Regionalna cesta,07/08/2023,18:30:00,Vedro,Dan,Suh,0,1,2,Udar u pješaka,Ruralno,Dvosmjerna cesta,Pravac,Ne,Bez raskrsnice,Bez prelaza,Ne,Da,0,0,3,0,2,,,,,,,,,
690,43.82614,18.30827,Lokalna cesta,10/08/2023,18:10:00,Vedro,Dan,Suh,0,1,0,Udar u pješaka,Urbano,Dvosmjerna cesta,Pravac,Ne,Bez raskrsnice,Pješački prelaz,Ne,Da,0,0,1,0,1,,,,,,,,,
691,43.83906,18.27663,Regionalna cesta,14/08/2023,08:30:00,Vedro,Dan,Suh,0,1,0,Sudar prilikom obilaženja,Ruralno,Dvosmjerna cesta,Pravac,Ne,Bez raskrsnice,Bez prelaza,Ne,Da,0,0,1,0,2,,,,,,,,,
692,43.85947,18.29421,Regionalna cesta,14/08/2023,18:05:00,Vedro,Dan,Suh,0,1,0,Udar prednjim dijelom vozila,Urbano,Dvosmjerna cesta,Pravac,Ne,Bez raskrsnice,Bez prelaza,Ne,Da,0,0,1,0,2,,,,,,,,,
693,43.86344,18.25071,Lokalna cesta,31/08/2023,17:35:00,Vedro,Dan,Suh,0,1,0,Izlijetanje izvan kolovoza,Ruralno,Dvosmjerna cesta,Pravac,Ne,Bez raskrsnice,Bez prelaza,Ne,Da,0,0,1,0,1,,,,,,,,,
694,43.8315,18.30779,Lokalna cesta,02/09/2023,22:05:00,Vedro,Noć,Suh,0,1,0,Udar u pješaka,Urbano,Dvosmjerna cesta,Pravac,Ne,Bez raskrsnice,Pješački prelaz,Da,Da,0,0,1,0,1,,,,,,,,,
695,43.83348,18.31283,Lokalna cesta,09/09/2023,21:00:00,Vedro,Noć,Suh,0,1,0,Sudar vozila i bicikla,Urbano,Dvosmjerna cesta,Pravac,Ne,Trokraka raskrsnica,Pješački prelaz,Ne,Da,0,0,1,0,1,,1,,,,,,,
696,43.845192,18.277496,Regionalna cesta,10/09/2023,18:38:00,Vedro,Dan,Suh,0,2,0,Sudar prilikom preticanja,Ruralno,Dvosmjerna cesta,Pravac,Ne,Bez raskrsnice,Bez prelaza,Ne,Da,0,0,2,0,2,,,,,,,,,
697,43.85584,18.29927,Regionalna cesta,16/09/2023,14:10:00,Vedro,Dan,Suh,0,2,0,Sudar vozila i motocikla,Urbano,Dvosmjerna cesta,Pravac,Ne,Bez raskrsnice,Bez prelaza,Ne,Da,0,0,2,0,1,,,,1,,,,,
698,43.846992,18.341326,Magistralna cesta,19/09/2023,09:35:00,Vedro,Dan,Suh,0,1,0,Sudar prilikom skretanja,Urbano,Dvosmjerna cesta,Pravac,Ne,Bez raskrsnice,Bez prelaza,Ne,Da,0,0,1,0,2,,,,,,,,,
699,43.82789,18.32589,Magistralna cesta,26/09/2023,14:30:00,Vedro,Dan,Suh,0,1,0,Udar prednjim dijelom vozila,Ruralno,Dvosmjerna cesta,Pravac,Ne,Bez raskrsnice,Bez prelaza,Ne,Da,0,0,1,0,2,,,,,1,,,,
700,43.831787,18.302965,Regionalna cesta,27/10/2023,18:15:00,Vedro,Noć,Suh,0,1,0,Udar prednjim dijelom vozila,Urbano,Dvosmjerna cesta,Pravac,Ne,Bez raskrsnice,Bez prelaza,Ne,Da,0,0,1,0,2,,,,,,,,,
701,43.82168,18.30702,Lokalna cesta,20/11/2023,08:40:00,Oblačno,Dan,Suh,0,1,0,Udar prednjim dijelom vozila,Urbano,Jednosmjerna cesta,Pravac,Ne,Bez raskrsnice,Bez prelaza,Ne,Da,0,0,1,0,2,,,,,,,,,
702,43.8239,18.31951,Lokalna cesta,26/11/2023,14:30:00,Vedro,Dan,Suh,0,1,0,Sudar prilikom preticanja,Urbano,Jednosmjerna cesta,Pravac,Ne,Bez raskrsnice,Bez prelaza,Ne,Da,0,0,1,0,2,,,,,,,,,
703,43.82828,18.31481,Lokalna cesta,06/12/2023,10:05:00,Oblačno,Dan,Suh,0,1,2,Sudar prilikom obilaženja,Urbano,Jednosmjerna cesta,Pravac,Ne,Bez raskrsnice,Pješački prelaz,Ne,Da,0,0,3,0,2,,,,,,,,,
704,43.83976,18.30876,Lokalna cesta,15/12/2023,06:10:00,Kiša,Dan,Mokar,0,1,0,Udar prednjim dijelom vozila,Urbano,Dvosmjerna cesta,Pravac,Ne,Bez raskrsnice,Pješački prelaz,Ne,Da,0,0,1,0,2,,,,,,,,,
705,43.810913,18.310226,Lokalna cesta,06/01/2024,14:55:00,Vedro,Dan,Suh,0,1,1,Sudar prilikom obilaženja,Urbano,Jednosmjerna cesta,Pravac,Ne,Bez raskrsnice,Bez prelaza,Ne,Da,0,0,2,0,2,,,,,,,,,
706,43.83032,18.30528,Lokalna cesta,15/01/2024,09:10:00,Vedro,Dan,Suh,0,1,0,Sudar prilikom preticanja,Urbano,Dvosmjerna cesta,Pravac,Ne,Bez raskrsnice,Pješački prelaz,Ne,Da,0,0,1,0,2,,,,,,,,,
707,43.83553,18.31446,Lokalna cesta,20/01/2024,01:00:00,Sa snijegom,Noć,Mokar,0,1,0,Pad u vozilu JGP,Urbano,Dvosmjerna cesta,Pravac,Ne,Bez raskrsnice,Bez prelaza,Ne,Da,0,0,1,0,2,,,,,,,,,
708,43.84561,18.32506,Regionalna cesta,24/02/2024,19:20:00,Oblačno,Noć,Suh,0,1,0,Sudar prilikom obilaženja,Urbano,Dvosmjerna cesta,Pravac,Ne,Bez raskrsnice,Pješački prelaz,Ne,Da,0,0,1,0,2,,,,,,,,,
709,43.83033,18.30535,Lokalna cesta,21/03/2024,08:00:00,Vedro,Dan,Suh,0,3,0,Sudar prilikom skretanja,Urbano,Dvosmjerna cesta,Pravac,Ne,Četverokraka raskrsnica,Pješački prelaz,Ne,Da,0,0,3,0,2,,,,,,,,,
710,43.82987,18.3121,Lokalna cesta,21/03/2024,11:30:00,Vedro,Dan,Suh,0,0,1,Sudar prilikom preticanja,Urbano,Jednosmjerna cesta,Pravac,Ne,Bez raskrsnice,Pješački prelaz,Ne,Da,0,0,0,0,2,,,,,,,,,
711,43.856627,18.298281,Regionalna cesta,02/04/2024,07:30:00,Vedro,Dan,Suh,0,1,0,Udar prednjim dijelom vozila,Urbano,Dvosmjerna cesta,Pravac,Ne,Bez raskrsnice,Bez prelaza,Ne,Da,0,0,1,0,3,,,,,,,,,
712,43.85937,18.29449,Regionalna cesta,09/04/2024,18:20:00,Vedro,Noć,Suh,0,1,1,Sudar prilikom preticanja,Urbano,Dvosmjerna cesta,Pravac,Ne,Bez raskrsnice,Bez prelaza,Ne,Da,0,0,2,0,2,,,,,,,,,
713,43.8339,18.31191,Lokalna cesta,18/04/2024,22:30:00,Vedro,Noć,Suh,0,0,1,Sudar prilikom preticanja,Urbano,Dvosmjerna cesta,Pravac,Ne,Bez raskrsnice,Pješački prelaz,Ne,Da,0,0,0,0,2,,,,,,,,,
714,43.83286,18.30731,Magistralna cesta,28/04/2024,23:10:00,Vedro,Noć,Suh,0,1,0,Udar prednjim dijelom vozila,Ruralno,Dvosmjerna cesta,Pravac,Ne,Bez raskrsnice,Bez prelaza,Ne,Da,0,0,1,0,2,,,,,,,,,
715,43.8546,18.30038,Regionalna cesta,03/05/2024,13:00:00,Vedro,Dan,Suh,0,1,0,Udar u pješaka,Urbano,Dvosmjerna cesta,Pravac,Ne,Bez raskrsnice,Bez prelaza,Ne,Da,0,0,1,0,1,,,,,,,,,
716,43.83114,18.31028,Lokalna cesta,17/05/2024,15:15:00,Vedro,Dan,Suh,0,1,0,Sudar vozila i motocikla,Urbano,Jednosmjerna cesta,Pravac,Ne,Bez raskrsnice,Pješački prelaz,Ne,Da,0,0,1,0,1,,,,1,,,,,
717,43.84505,18.32074,Regionalna cesta,20/05/2024,01:40:00,Kiša,Noć,Mokar,0,1,0,Udar prednjim dijelom vozila,Urbano,Dvosmjerna cesta,Pravac,Ne,Trokraka raskrsnica,Pješački prelaz,Ne,Da,0,0,1,0,2,,,,,,,,,
718,43.86659,18.28587,Regionalna cesta,20/05/2024,16:39:00,Vedro,Dan,Suh,0,1,0,Udar prednjim dijelom vozila,Ruralno,Dvosmjerna cesta,Pravac,Ne,Bez raskrsnice,Bez prelaza,Ne,Ne,0,0,1,0,1,,,,,,,,,
719,43.83034,18.30203,Lokalna cesta,28/05/2024,12:40:00,Vedro,Dan,Suh,0,1,0,Sudar prilikom obilaženja,Urbano,Dvosmjerna cesta,Pravac,Ne,Bez raskrsnice,Bez prelaza,Ne,Da,0,0,1,0,2,,,,,,,,,
720,43.83228,18.32213,Lokalna cesta,20/06/2024,14:50:00,Vedro,Dan,Suh,0,1,0,Sudar prilikom preticanja,Urbano,Dvosmjerna cesta,Pravac,Ne,Bez raskrsnice,Pješački prelaz,Ne,Da,0,0,1,0,2,,,,,,,,,
721,43.82988,18.29602,Magistralna cesta,28/06/2024,04:00:00,Vedro,Noć,Suh,0,1,2,Izlijetanje izvan kolovoza,Urbano,Dvosmjerna cesta,Pravac,Ne,Bez raskrsnice,Bez prelaza,Ne,Ne,0,0,3,0,1,,,,,,,,,
722,43.83039,18.30523,Lokalna cesta,09/07/2024,14:30:00,Vedro,Dan,Suh,0,1,0,Udar u pješaka,Urbano,Dvosmjerna cesta,Pravac,Ne,Bez raskrsnice,Pješački prelaz,Da,Da,0,0,1,0,1,,,,,,,,,
723,43.83225,18.32297,Lokalna cesta,10/07/2024,09:30:00,Vedro,Dan,Suh,0,1,0,Sudar vozila i motocikla,Urbano,Dvosmjerna cesta,Pravac,Ne,Bez raskrsnice,Bez prelaza,Ne,Da,0,0,1,0,1,,,,1,,,,,
724,43.83394,18.31199,Lokalna cesta,10/07/2024,15:30:00,Vedro,Dan,Suh,0,1,0,Sudar vozila i e-romobila,Urbano,Dvosmjerna cesta,Pravac,Ne,Bez raskrsnice,Pješački prelaz,Da,Da,0,0,1,0,1,,,1,,,,,,
725,43.81576,18.30877,Lokalna cesta,12/07/2024,18:00:00,Vedro,Dan,Suh,0,1,0,Sudar prilikom skretanja,Urbano,Jednosmjerna cesta,Pravac,Ne,Četverokraka raskrsnica,Bez prelaza,Ne,Da,0,0,1,0,2,,,,,,,,,
726,43.83078,18.30622,Lokalna cesta,16/07/2024,16:45:00,Vedro,Dan,Suh,0,1,0,Sudar vozila i bicikla,Urbano,Dvosmjerna cesta,Pravac,Ne,Bez raskrsnice,Pješački prelaz,Ne,Da,0,0,1,0,1,,1,,,,,,,
727,43.8434,18.312,Lokalna cesta,19/07/2024,17:00:00,Vedro,Dan,Suh,0,1,0,Sudar vozila i e-romobila,Urbano,Dvosmjerna cesta,Pravac,Ne,Bez raskrsnice,Bez prelaza,Ne,Da,0,0,1,0,1,,,1,,,,,,
728,43.76318793,18.34974242,Regionalna cesta,20/07/2024,19:30:00,Vedro,Sumrak,Suh,0,0,8,Izlijetanje izvan kolovoza,Ruralno,Dvosmjerna cesta,Krivina,Da,Bez raskrsnice,Bez prelaza,Ne,Ne,0,0,8,0,1,,,,,,,,,
729,43.82997,18.31229,Lokalna cesta,23/07/2024,13:00:00,Vedro,Dan,Suh,0,1,0,Sudar prilikom preticanja,Urbano,Jednosmjerna cesta,Pravac,Ne,Bez raskrsnice,Bez prelaza,Ne,Da,0,0,1,0,2,,,,,,,,,
730,43.83066,18.31106,Lokalna cesta,01/08/2024,14:00:00,Vedro,Dan,Suh,0,1,1,Sudar vozila i motocikla,Urbano,Jednosmjerna cesta,Pravac,Ne,Bez raskrsnice,Pješački prelaz,Ne,Da,0,0,2,0,1,,,,1,,,,,
731,43.85553,18.27351,Regionalna cesta,20/08/2024,16:35:00,Vedro,Dan,Suh,0,1,0,Udar prednjim dijelom vozila,Ruralno,Dvosmjerna cesta,Pravac,Ne,Bez raskrsnice,Bez prelaza,Ne,Da,0,0,1,0,2,,,,,,,,,
732,43.76906,18.3581,Regionalna cesta,25/08/2024,10:30:00,Vedro,Dan,Suh,0,1,0,Sudar prilikom preticanja,Ruralno,Dvosmjerna cesta,Krivina,Da,Bez raskrsnice,Bez prelaza,Ne,Ne,0,0,1,0,2,,,,,,,,,
733,43.79477,18.32385,Regionalna cesta,31/08/2024,21:00:00,Vedro,Noć,Suh,0,1,1,Sudar prilikom obilaženja,Urbano,Dvosmjerna cesta,Pravac,Ne,Bez raskrsnice,Bez prelaza,Ne,Da,0,0,2,0,2,,,,,,,,,
734,43.82797,18.30743,Lokalna cesta,10/09/2024,21:40:00,Oblačno,Noć,Suh,0,1,0,Sudar vozila i e-romobila,Urbano,Jednosmjerna cesta,Pravac,Ne,Bez raskrsnice,Pješački prelaz,Ne,Da,0,0,1,0,1,,,1,,,,,,
735,43.832503,18.301252,Lokalna cesta,22/09/2024,17:10:00,Vedro,Dan,Suh,0,1,0,Sudar prilikom preticanja,Urbano,Dvosmjerna cesta,Pravac,Ne,Bez raskrsnice,Pješački prelaz,Ne,Da,0,0,1,0,2,,,,,,,,,
736,43.818219,18.3267,Lokalna cesta,15/10/2024,13:05:00,Vedro,Dan,Suh,0,1,1,Udar prednjim dijelom vozila,Urbano,Jednosmjerna cesta,Pravac,Ne,Bez raskrsnice,Pješački prelaz,Da,Da,0,0,2,0,2,,,,,,,,,
737,43.83206,18.30861,Lokalna cesta,16/11/2024,21:30:00,Vedro,Noć,Suh,0,1,0,Udar prednjim dijelom vozila,Urbano,Dvosmjerna cesta,Pravac,Ne,Bez raskrsnice,Pješački prelaz,Ne,Da,0,0,1,0,2,,,,,,,,,
738,43.83375,18.31206,Lokalna cesta,20/11/2024,18:50:00,Sa snijegom,Noć,Mokar,0,1,0,Izlijetanje izvan kolovoza,Urbano,Dvosmjerna cesta,Pravac,Ne,Trokraka raskrsnica,Pješački prelaz,Ne,Da,0,0,1,0,1,,,,,,,,,
739,43.83197,18.27669,Regionalna cesta,06/12/2024,17:05:00,Vedro,Dan,Suh,0,1,0,Udar prednjim dijelom vozila,Urbano,Dvosmjerna cesta,Pravac,Ne,Bez raskrsnice,Bez prelaza,Ne,Ne,0,0,1,0,2,,,,,,,,,
740,43.83163,18.30785,Lokalna cesta,11/12/2024,10:50:00,Oblačno,Dan,Suh,0,1,0,Udar u pješaka,Urbano,Dvosmjerna cesta,Pravac,Ne,Bez raskrsnice,Pješački prelaz,Da,Da,0,0,1,0,1,,,,,,,,,
741,43.856854,18.29797,Regionalna cesta,15/12/2024,17:30:00,Vedro,Noć,Suh,0,0,1,Udar prednjim dijelom vozila,Urbano,Dvosmjerna cesta,Pravac,Ne,Bez raskrsnice,Bez prelaza,Ne,Ne,0,0,0,0,2,,,,,,,,,
742,43.82715,18.31816,Lokalna cesta,19/12/2024,07:40:00,Vedro,Dan,Suh,0,1,0,Udar prednjim dijelom vozila,Urbano,Jednosmjerna cesta,Pravac,Ne,Bez raskrsnice,Pješački prelaz,Ne,Da,0,0,1,0,2,,,,,,,,,
743,43.75382,18.34281,Regionalna cesta,31/12/2024,15:00:00,Vedro,Dan,Suh,0,1,0,Udar prednjim dijelom vozila,Ruralno,Dvosmjerna cesta,Krivina,Da,Bez raskrsnice,Bez prelaza,Ne,Ne,0,0,1,0,3,,,,,,,,,
744,43.856103,18.408252,Lokalna cesta,06/09/2022,12:45:00,Vedro,Dan,Suh,0,1,2,Sudar prilikom skretanja,Urbano,Jednosmjerna cesta,Krivina,Ne,Trokraka raskrsnica,Pješački prelaz,Da,Da,0,0,3,0,2,,,,,,,,,
745,43.853095,18.40653,Regionalna cesta,09/10/2022,10:42:00,Vedro,Dan,Suh,0,1,0,Sudar prilikom skretanja,Urbano,Dvosmjerna cesta,Pravac,Ne,T-raskrsnica,Pješački prelaz,Da,Da,0,0,1,0,3,,,,,,,,,
746,43.853171,18.406547,Regionalna cesta,09/11/2022,15:20:00,Vedro,Dan,Suh,0,1,0,Sudar prilikom skretanja,Urbano,Dvosmjerna cesta,Pravac,Ne,T-raskrsnica,U blizini pješačkog prelaza,Da,Da,0,0,1,0,2,,,,,,,,,
747,43.857717,18.411925,Lokalna cesta,22/12/2022,09:40:00,Vedro,Dan,Suh,0,1,0,Udar prednjim dijelom vozila,Urbano,Jednosmjerna cesta,Krivina,Ne,Bez raskrsnice,Bez prelaza,Da,Da,0,0,1,0,2,,,,,,,,,
748,43.855935,18.407144,Magistralna cesta,10/01/2023,12:55:00,Vedro,Dan,Suh,0,1,0,Sudar prilikom skretanja,Urbano,Dvosmjerna cesta,Pravac,Ne,Četverokraka raskrsnica,U blizini pješačkog prelaza,Da,Da,0,0,1,0,2,,,,,,,,,
749,43.871761,18.406728,Magistralna cesta,26/01/2023,00:05:00,Kiša,Noć,Mokar,0,1,0,Udar prednjim dijelom vozila,Urbano,Dvosmjerna cesta,Krivina,Ne,Trokraka raskrsnica,U blizini pješačkog prelaza,Da,Da,0,0,1,0,2,,,,,,,,,
750,43.858583,18.413853,Magistralna cesta,23/02/2023,15:05:00,Vedro,Noć,Suh,0,1,0,Udar prednjim dijelom vozila,Urbano,Jednosmjerna cesta,Pravac,Ne,Bez raskrsnice,Bez prelaza,Da,Da,0,0,1,0,2,,,,,,,,,
751,43.860553,18.400535,Lokalna cesta,25/02/2023,15:05:00,Vedro,Dan,Suh,0,3,3,Sudar prilikom skretanja,Urbano,Dvosmjerna cesta,Krivina,Da,Trokraka raskrsnica,Bez prelaza,Ne,Ne,0,0,6,0,3,,,,,,,,,
752,43.856176,18.412901,Magistralna cesta,21/04/2023,02:40:00,Vedro,Noć,Suh,0,1,0,Udar prednjim dijelom vozila,Urbano,Dvosmjerna cesta,Krivina,Da,Četverokraka raskrsnica,Bez prelaza,Da,Da,0,0,1,0,3,,,,,,,,,
753,43.853022,18.406733,Lokalna cesta,15/05/2023,15:20:00,Vedro,Dan,Suh,0,1,0,Sudar prilikom skretanja,Urbano,Dvosmjerna cesta,Krivina,Ne,Četverokraka raskrsnica,Pješački prelaz,Da,Da,0,0,1,0,2,,,,,,,,,
754,43.861364,18.41167,Magistralna cesta,25/05/2023,11:20:00,Vedro,Dan,Suh,0,1,3,Sudar prilikom skretanja,Urbano,Dvosmjerna cesta,Pravac,Da,Bez raskrsnice,Bez prelaza,Ne,Ne,0,0,4,0,2,,,,,,,,,
755,43.875991,18.412596,Lokalna cesta,04/06/2023,11:03:00,Vedro,Dan,Suh,0,0,3,Udar prednjim dijelom vozila,Urbano,Dvosmjerna cesta,Krivina,Da,Bez raskrsnice,Bez prelaza,Da,Da,0,0,3,0,3,,,,,,,,,
756,43.858917,18.41492,Magistralna cesta,05/06/2023,09:40:00,Kiša,Dan,Mokar,0,0,1,Sudar prilikom skretanja,Urbano,Jednosmjerna cesta,Pravac,Ne,T-raskrsnica,Bez prelaza,Ne,Da,0,0,1,0,2,,,,,,,,,
757,43.861278,18.411693,Lokalna cesta,08/06/2023,11:35:00,Vedro,Dan,Suh,0,0,1,Udar prednjim dijelom vozila,Urbano,Dvosmjerna cesta,Pravac,Ne,T-raskrsnica,Bez prelaza,Ne,Da,0,0,1,0,2,,,,,,,,,
758,43.856277,18.412948,Magistralna cesta,06/06/2023,21:45:00,Vedro,Noć,Suh,0,0,1,Sudar prilikom skretanja,Urbano,Dvosmjerna cesta,Krivina,Ne,Četverokraka raskrsnica,Bez prelaza,Ne,Ne,0,0,1,0,2,,,,,,,,,
759,43.856712,18.423953,Regionalna cesta,08/07/2023,15:45:00,Vedro,Dan,Suh,0,0,1,Sudar prilikom skretanja,Urbano,Jednosmjerna cesta,Krivina,Ne,T-raskrsnica,Bez prelaza,Ne,Da,0,0,1,0,2,,,,,,,,,
760,43.858928,18.415185,Lokalna cesta,10/07/2023,09:40:00,Vedro,Dan,Suh,0,0,1,Sudar prilikom skretanja,Urbano,Jednosmjerna cesta,Pravac,Ne,T-raskrsnica,Bez prelaza,Ne,Da,0,0,1,0,2,,,,,,,,,
761,43.861354,18.411745,Lokalna cesta,31/07/2023,12:45:00,Vedro,Dan,Suh,0,0,1,Sudar prilikom skretanja,Urbano,Jednosmjerna cesta,Pravac,Ne,Četverokraka raskrsnica,Bez prelaza,Ne,Ne,0,0,1,0,2,,,,,,,,,
762,43.852944,18.406402,Regionalna cesta,08/08/2023,16:20:00,Vedro,Dan,Suh,0,0,1,Sudar prilikom skretanja,Urbano,Dvosmjerna cesta,Krivina,Ne,Četverokraka raskrsnica,Pješački prelaz,Ne,Ne,0,0,1,0,2,,,,,,,,,
763,43.856689,18.421481,Magistralna cesta,09/09/2023,15:35:00,Vedro,Dan,Suh,0,0,1,Sudar prilikom skretanja,Urbano,Dvosmjerna cesta,Pravac,Ne,Bez raskrsnice,Bez prelaza,Da,Da,0,0,1,0,2,,,,,,,,,
764,43.858891,18.403352,Lokalna cesta,06/10/2023,21:00:00,Vedro,Noć,Suh,0,0,1,Sudar prilikom skretanja,Urbano,Dvosmjerna cesta,Pravac,Ne,T-raskrsnica,Pješački prelaz,Da,Da,0,0,1,0,2,,,,,,,,,
765,43.863738,18.411487,Lokalna cesta,09/10/2023,02:35:00,Vedro,Noć,Suh,0,0,1,Udar prednjim dijelom vozila,Urbano,Dvosmjerna cesta,Pravac,Ne,T-raskrsnica,Bez prelaza,Ne,Da,0,0,1,0,2,,,,,,,,,
766,43.865206,18.410495,Magistralna cesta,10/10/2023,11:33:00,Vedro,Dan,Suh,0,0,2,Sudar prilikom preticanja,Urbano,Dvosmjerna cesta,Pravac,Ne,Bez raskrsnice,Bez prelaza,Ne,Da,0,0,2,0,2,,,,,,,,,
767,43.856111,18.41299,Lokalna cesta,17/11/2023,07:55:00,Vedro,Dan,Suh,0,0,2,Sudar prilikom skretanja,Urbano,Dvosmjerna cesta,Krivina,Ne,Bez raskrsnice,Pješački prelaz,Da,Da,0,0,2,0,2,,,,,,,,,
768,43.861278,18.411683,Magistralna cesta,17/11/2023,19:20:00,Kiša,Dan,Mokar,0,0,1,Sudar prilikom skretanja,Urbano,Dvosmjerna cesta,Krivina,Ne,T-raskrsnica,Bez prelaza,Ne,Da,0,0,1,0,2,,,,,,,,,
769,43.868394,18.40862,Lokalna cesta,20/11/2023,16:30:00,Vedro,Dan,Suh,0,0,1,Sudar prilikom preticanja,Urbano,Dvosmjerna cesta,Krivina,Ne,T-raskrsnica,Bez prelaza,Ne,Da,0,0,1,0,2,,,,,,,,,
770,43.876561,18.41286,Lokalna cesta,29/11/2023,15:30:00,Vedro,Dan,Suh,0,0,1,Sudar prilikom skretanja,Urbano,Dvosmjerna cesta,Pravac,Ne,Četverokraka raskrsnica,Bez prelaza,Ne,Ne,0,0,1,0,2,,,,,,,,,
771,43.866449,18.41232,Regionalna cesta,05/12/2023,19:00:00,Vedro,Noć,Suh,0,0,1,Udar u zadnji dio vozila,Urbano,Dvosmjerna cesta,Pravac,Ne,Bez raskrsnice,Bez prelaza,Ne,Ne,0,0,1,0,2,,,,,,,,,
772,43.875173,18.412428,Regionalna cesta,02/01/2024,16:50:00,Vedro,Dan,Mokar,0,0,1,Sudar prilikom skretanja,Urbano,Dvosmjerna cesta,Pravac,Ne,Bez raskrsnice,Bez prelaza,Ne,Da,0,0,1,0,2,,,,,,,,,
773,43.8636,18.411526,Lokalna cesta,07/01/2024,16:20:00,Vedro,Dan,Suh,0,0,2,Sudar prilikom skretanja,Urbano,Dvosmjerna cesta,Pravac,Ne,Bez raskrsnice,Bez prelaza,Da,Da,0,0,2,0,2,,,,,,,,,
774,43.863672,18.411529,Lokalna cesta,19/01/2024,11:50:00,Vedro,Dan,Suh,0,0,1,Sudar prilikom preticanja,Urbano,Dvosmjerna cesta,Krivina,Ne,Bez raskrsnice,Bez prelaza,Da,Da,0,0,1,0,2,,,,,,,,,
775,43.856473,18.414319,Magistralna cesta,30/01/2024,14:00:00,Vedro,Dan,Suh,0,0,1,Sudar prilikom skretanja,Urbano,Jednosmjerna cesta,Pravac,Ne,Bez raskrsnice,Bez prelaza,Ne,Da,0,0,1,0,2,,,,,,,,,
776,43.858952,18.417559,Magistralna cesta,01/02/2024,09:20:00,Vedro,Dan,Suh,0,0,1,Sudar prilikom skretanja,Urbano,Jednosmjerna cesta,Pravac,Ne,Bez raskrsnice,Bez prelaza,Ne,Da,0,0,1,0,2,,,,,,,,,
777,43.858917,18.414902,Lokalna cesta,05/02/2024,14:00:00,Kiša,Dan,Mokar,0,0,1,Udar prednjim dijelom vozila,Urbano,Jednosmjerna cesta,Pravac,Ne,T-raskrsnica,Bez prelaza,Ne,Ne,0,0,1,0,3,,,,,,,,,
778,43.863639,18.411521,Regionalna cesta,08/02/2024,07:50:00,Vedro,Dan,Suh,0,0,2,Udar prednjim dijelom vozila,Urbano,Dvosmjerna cesta,Pravac,Ne,T-raskrsnica,Bez prelaza,Ne,Da,0,0,2,0,3,,,,,,,,,
779,43.855765,18.40325,Magistralna cesta,10/02/2024,17:50:00,Vedro,Noć,Suh,0,0,1,Sudar prilikom skretanja,Urbano,Dvosmjerna cesta,Pravac,Ne,Bez raskrsnice,Bez prelaza,Ne,Da,0,0,1,0,2,,,,,,,,,
780,43.858931,18.417272,Lokalna cesta,26/02/2024,10:25:00,Vedro,Dan,Suh,0,0,1,Sudar prilikom preticanja,Urbano,Jednosmjerna cesta,Pravac,Ne,Četverokraka raskrsnica,Bez prelaza,Ne,Da,0,0,1,0,2,,,,,,,,,
781,43.861361,18.411738,Lokalna cesta,06/03/2024,11:00:00,Kiša,Dan,Mokar,0,0,1,Sudar prilikom skretanja,Urbano,Dvosmjerna cesta,Pravac,Ne,Četverokraka raskrsnica,Pješački prelaz,Ne,Da,0,0,1,0,2,,,,,,,,,
782,43.858859,18.401393,Lokalna cesta,12/04/2024,22:20:00,Vedro,Noć,Suh,0,0,1,Udar prednjim dijelom vozila,Urbano,Dvosmjerna cesta,Krivina,Ne,Četverokraka raskrsnica,Pješački prelaz,Ne,Da,0,0,1,0,2,,,,,,,,,
783,43.875309,18.404832,Magistralna cesta,13/03/2024,13:25:00,Vedro,Dan,Suh,0,0,1,Udar u zadnji dio vozila,Urbano,Dvosmjerna cesta,Krivina,Da,Bez raskrsnice,Bez prelaza,Ne,Ne,0,0,1,0,2,,,,,,,,,
784,43.865571,18.41345,Lokalna cesta,10/04/2024,12:30:00,Vedro,Dan,Suh,0,0,1,Sudar prilikom skretanja,Urbano,Dvosmjerna cesta,Krivina,Da,Bez raskrsnice,Bez prelaza,Ne,Ne,0,0,1,0,2,,,,,,,,,
785,43.878992,18.399614,Magistralna cesta,25/04/2024,14:00:00,Vedro,Dan,Suh,0,0,1,Sudar prilikom preticanja,Urbano,Dvosmjerna cesta,Pravac,Ne,Četverokraka raskrsnica,Pješački prelaz,Ne,Da,0,0,1,0,2,,,,,,,,,
786,43.855758,18.401923,Magistralna cesta,06/05/2024,07:40:00,Vedro,Dan,Suh,0,0,2,Izlijetanje izvan kolovoza,Urbano,Dvosmjerna cesta,Krivina,Ne,Četverokraka raskrsnica,Bez prelaza,Ne,Ne,0,0,2,0,1,,,,,,,,,
787,43.858001,18.401434,Regionalna cesta,14/05/2024,17:14:00,Kiša,Dan,Mokar,0,0,1,Sudar prilikom skretanja,Urbano,Dvosmjerna cesta,Pravac,Ne,Bez raskrsnice,Bez prelaza,Ne,Ne,0,0,1,0,2,,,,,,,,,
788,43.855303,18.415805,Lokalna cesta,16/05/2024,16:05:00,Vedro,Dan,Suh,0,0,1,Sudar prilikom skretanja,Urbano,Jednosmjerna cesta,Krivina,Da,Bez raskrsnice,Bez prelaza,Ne,Da,0,0,1,0,2,,,,,,,,,
789,43.86429,18.412878,Lokalna cesta,12/06/2024,12:30:00,Vedro,Dan,Suh,0,0,2,Sudar prilikom skretanja,Urbano,Dvosmjerna cesta,Pravac,Ne,Bez raskrsnice,Bez prelaza,Ne,Da,0,0,2,0,2,,,,,,,,,
790,43.858852,18.421622,Magistralna cesta,14/06/2024,14:25:00,Vedro,Dan,Suh,0,0,2,Sudar prilikom skretanja,Urbano,Jednosmjerna cesta,Pravac,Ne,Bez raskrsnice,Bez prelaza,Ne,Da,0,0,2,0,2,,,,,,,,,
791,43.858863,18.415023,Lokalna cesta,21/06/2024,14:30:00,Vedro,Dan,Suh,0,0,1,Sudar prilikom skretanja,Urbano,Jednosmjerna cesta,Pravac,Ne,T-raskrsnica,Bez prelaza,Da,Da,0,0,1,0,2,,,,,,,,,
792,43.856208,18.412959,Magistralna cesta,25/06/2024,08:20:00,Vedro,Dan,Suh,0,0,1,Sudar prilikom skretanja,Urbano,Jednosmjerna cesta,Pravac,Ne,Četverokraka raskrsnica,Pješački prelaz,Ne,Da,0,0,1,0,2,,,,,,,,,
793,43.863575,18.411524,Magistralna cesta,11/07/2024,16:10:00,Vedro,Dan,Suh,0,0,3,Udar prednjim dijelom vozila,Urbano,Dvosmjerna cesta,Pravac,Ne,Bez raskrsnice,Bez prelaza,Ne,Da,0,0,3,0,2,,,,,,,,,
794,43.868437,18.408601,Magistralna cesta,12/07/2024,09:20:00,Vedro,Dan,Suh,0,0,1,Udar prednjim dijelom vozila,Urbano,Dvosmjerna cesta,Pravac,Ne,Četverokraka raskrsnica,Bez prelaza,Ne,Da,0,0,1,0,2,,,,,,,,,
795,43.856605,18.418961,Regionalna cesta,12/07/2024,15:50:00,Kiša,Dan,Mokar,0,0,1,Sudar prilikom skretanja,Urbano,Jednosmjerna cesta,Pravac,Ne,Bez raskrsnice,Bez prelaza,Ne,Ne,0,0,1,0,2,,,,,,,,,
796,43.863625,18.411529,Lokalna cesta,02/08/2024,20:40:00,Vedro,Dan,Suh,0,0,1,Sudar prilikom preticanja,Urbano,Dvosmjerna cesta,Pravac,Ne,T-raskrsnica,Bez prelaza,Ne,Da,0,0,1,0,2,,,,,,,,,
797,43.856041,18.408007,Magistralna cesta,06/08/2024,20:20:00,Vedro,Noć,Suh,0,0,2,Sudar prilikom skretanja,Urbano,Jednosmjerna cesta,Pravac,Ne,T-raskrsnica,Bez prelaza,Ne,Da,0,0,2,0,2,,,,,,,,,
798,43.855744,18.413429,Lokalna cesta,05/09/2024,10:50:00,Vedro,Dan,Suh,0,0,1,Sudar prilikom skretanja,Urbano,Dvosmjerna cesta,Krivina,Ne,Bez raskrsnice,Bez prelaza,Ne,Da,0,0,1,0,2,,,,,,,,,
799,43.856539,18.417638,Magistralna cesta,13/09/2024,12:00:00,Vedro,Dan,Suh,0,0,1,Sudar prilikom skretanja,Urbano,Jednosmjerna cesta,Pravac,Ne,T-raskrsnica,Bez prelaza,Ne,Da,0,0,1,0,2,,,,,,,,,
800,43.855983,18.406934,Magistralna cesta,17/09/2024,19:45:00,Vedro,Dan,Suh,0,0,1,Sudar prilikom skretanja,Urbano,Dvosmjerna cesta,Pravac,Ne,Bez raskrsnice,Pješački prelaz,Ne,Da,0,0,1,0,2,,,,,,,,,
801,43.855781,18.420603,Lokalna cesta,03/10/2024,20:05:00,Vedro,Noć,Mokar,0,0,1,Sudar prilikom preticanja,Urbano,Dvosmjerna cesta,Pravac,Ne,Četverokraka raskrsnica,Bez prelaza,Ne,Da,0,0,1,0,2,,,,,,,,,
802,43.872018,18.406333,Magistralna cesta,19/10/2024,22:00:00,Vedro,Noć,Suh,0,0,1,Sudar prilikom skretanja,Urbano,Dvosmjerna cesta,Pravac,Ne,Bez raskrsnice,Bez prelaza,Da,Da,0,0,1,0,2,,,,,,,,,
803,43.865351,18.410409,Magistralna cesta,22/11/2024,01:30:00,Vedro,Noć,Suh,0,0,1,Sudar prilikom skretanja,Urbano,Dvosmjerna cesta,Pravac,Ne,Četverokraka raskrsnica,Bez prelaza,Ne,Da,0,0,1,0,2,,,,,,,,,
804,43.872177,18.412024,Lokalna cesta,26/11/2024,08:15:00,Kiša,Dan,Mokar,0,0,1,Sudar prilikom skretanja,Urbano,Dvosmjerna cesta,Pravac,Ne,Četverokraka raskrsnica,Bez prelaza,Ne,Ne,0,0,1,0,2,,,,,,,,,
805,43.872764,18.4133,Lokalna cesta,19/12/2024,14:05:00,Vedro,Dan,Suh,0,0,1,Sudar prilikom skretanja,Urbano,Dvosmjerna cesta,Pravac,Ne,Bez raskrsnice,Bez prelaza,Ne,Da,0,0,1,0,2,,,,,,,,,
806,43.872396,18.411987,Lokalna cesta,21/12/2024,02:00:00,Kiša,Noć,Mokar,0,1,1,Udar prednjim dijelom vozila,Urbano,Dvosmjerna cesta,Pravac,Ne,Bez raskrsnice,Bez prelaza,Ne,Da,0,0,2,0,2,,,,,,,,,
807,43.833767,18.31212,Lokalna cesta,21/12/2023,23:35:00,Kiša,Noć,Mokar,0,0,3,Udar prednjim dijelom vozila,Urbano,Dvosmjerna cesta,Pravac,Ne,Trokraka raskrsnica,Pješački prelaz,Da,Da,0,0,3,0,1,,,,,,,,,
808,43.860605,18.420354,Lokalna cesta,22/12/2023,14:15:00,Vedro,Dan,Suh,0,0,1,Udar u pješaka,Urbano,Dvosmjerna cesta,Krivina,Da,Četverokraka raskrsnica,U blizini pješačkog prelaza,Da,Da,0,0,1,0,1,1,,,,,,,,
809,43.840684,18.337962,Lokalna cesta,28/12/2023,11:10:00,Kiša,Dan,Mokar,0,0,1,Udar u pješaka,Urbano,Dvosmjerna cesta,Pravac,Ne,Trokraka raskrsnica,Pješački prelaz,Da,Da,0,0,1,0,1,1,,,,,,,,


